story-cycle-id,cycle-index,cycle-year,tag-local-identifier,date,relative-day,timestamp,location-lat,location-long,phase,isMigrationDay,isRestDay,event,residence-region,destination-country,position-source,is-position-observed,source-date-before,source-date-after,gap-length-days
individual_3031_2013_2014,1,2013,3031,2013-06-01,0,2013-06-01 00:00:00.000,47.751465,8.9317447,summer_rest,false,true,,Central European breeding region,,backfilled,false,,2013-06-24,23
individual_3031_2013_2014,1,2013,3031,2013-06-02,1,2013-06-02 00:00:00.000,47.751465,8.9317447,summer_rest,false,true,,Central European breeding region,,backfilled,false,,2013-06-24,23
individual_3031_2013_2014,1,2013,3031,2013-06-03,2,2013-06-03 00:00:00.000,47.751465,8.9317447,summer_rest,false,true,,Central European breeding region,,backfilled,false,,2013-06-24,23
individual_3031_2013_2014,1,2013,3031,2013-06-04,3,2013-06-04 00:00:00.000,47.751465,8.9317447,summer_rest,false,true,,Central European breeding region,,backfilled,false,,2013-06-24,23
individual_3031_2013_2014,1,2013,3031,2013-06-05,4,2013-06-05 00:00:00.000,47.751465,8.9317447,summer_rest,false,true,,Central European breeding region,,backfilled,false,,2013-06-24,23
individual_3031_2013_2014,1,2013,3031,2013-06-06,5,2013-06-06 00:00:00.000,47.751465,8.9317447,summer_rest,false,true,,Central European breeding region,,backfilled,false,,2013-06-24,23
individual_3031_2013_2014,1,2013,3031,2013-06-07,6,2013-06-07 00:00:00.000,47.751465,8.9317447,summer_rest,false,true,,Central European breeding region,,backfilled,false,,2013-06-24,23
individual_3031_2013_2014,1,2013,3031,2013-06-08,7,2013-06-08 00:00:00.000,47.751465,8.9317447,summer_rest,false,true,,Central European breeding region,,backfilled,false,,2013-06-24,23
individual_3031_2013_2014,1,2013,3031,2013-06-09,8,2013-06-09 00:00:00.000,47.751465,8.9317447,summer_rest,false,true,,Central European breeding region,,backfilled,false,,2013-06-24,23
individual_3031_2013_2014,1,2013,3031,2013-06-10,9,2013-06-10 00:00:00.000,47.751465,8.9317447,summer_rest,false,true,,Central European breeding region,,backfilled,false,,2013-06-24,23
individual_3031_2013_2014,1,2013,3031,2013-06-11,10,2013-06-11 00:00:00.000,47.751465,8.9317447,summer_rest,false,true,,Central European breeding region,,backfilled,false,,2013-06-24,23
individual_3031_2013_2014,1,2013,3031,2013-06-12,11,2013-06-12 00:00:00.000,47.751465,8.9317447,summer_rest,false,true,,Central European breeding region,,backfilled,false,,2013-06-24,23
individual_3031_2013_2014,1,2013,3031,2013-06-13,12,2013-06-13 00:00:00.000,47.751465,8.9317447,summer_rest,false,true,,Central European breeding region,,backfilled,false,,2013-06-24,23
individual_3031_2013_2014,1,2013,3031,2013-06-14,13,2013-06-14 00:00:00.000,47.751465,8.9317447,summer_rest,false,true,,Central European breeding region,,backfilled,false,,2013-06-24,23
individual_3031_2013_2014,1,2013,3031,2013-06-15,14,2013-06-15 00:00:00.000,47.751465,8.9317447,summer_rest,false,true,,Central European breeding region,,backfilled,false,,2013-06-24,23
individual_3031_2013_2014,1,2013,3031,2013-06-16,15,2013-06-16 00:00:00.000,47.751465,8.9317447,summer_rest,false,true,,Central European breeding region,,backfilled,false,,2013-06-24,23
individual_3031_2013_2014,1,2013,3031,2013-06-17,16,2013-06-17 00:00:00.000,47.751465,8.9317447,summer_rest,false,true,,Central European breeding region,,backfilled,false,,2013-06-24,23
individual_3031_2013_2014,1,2013,3031,2013-06-18,17,2013-06-18 00:00:00.000,47.751465,8.9317447,summer_rest,false,true,,Central European breeding region,,backfilled,false,,2013-06-24,23
individual_3031_2013_2014,1,2013,3031,2013-06-19,18,2013-06-19 00:00:00.000,47.751465,8.9317447,summer_rest,false,true,,Central European breeding region,,backfilled,false,,2013-06-24,23
individual_3031_2013_2014,1,2013,3031,2013-06-20,19,2013-06-20 00:00:00.000,47.751465,8.9317447,summer_rest,false,true,,Central European breeding region,,backfilled,false,,2013-06-24,23
individual_3031_2013_2014,1,2013,3031,2013-06-21,20,2013-06-21 00:00:00.000,47.751465,8.9317447,summer_rest,false,true,,Central European breeding region,,backfilled,false,,2013-06-24,23
individual_3031_2013_2014,1,2013,3031,2013-06-22,21,2013-06-22 00:00:00.000,47.751465,8.9317447,summer_rest,false,true,,Central European breeding region,,backfilled,false,,2013-06-24,23
individual_3031_2013_2014,1,2013,3031,2013-06-23,22,2013-06-23 00:00:00.000,47.751465,8.9317447,summer_rest,false,true,,Central European breeding region,,backfilled,false,,2013-06-24,23
individual_3031_2013_2014,1,2013,3031,2013-06-24,23,2013-06-24 06:40:23.000,47.751465,8.9317447,summer_rest,false,true,,Central European breeding region,,observed,true,2013-06-24,2013-06-24,0
individual_3031_2013_2014,1,2013,3031,2013-06-25,24,2013-06-25 02:00:23.000,47.7513828,8.9316141,summer_rest,false,true,,Central European breeding region,,observed,true,2013-06-25,2013-06-25,0
individual_3031_2013_2014,1,2013,3031,2013-06-26,25,2013-06-26 02:00:23.000,47.7513277,8.9316672,summer_rest,false,true,,Central European breeding region,,observed,true,2013-06-26,2013-06-26,0
individual_3031_2013_2014,1,2013,3031,2013-06-27,26,2013-06-27 02:00:23.000,47.7513248,8.9316326,summer_rest,false,true,,Central European breeding region,,observed,true,2013-06-27,2013-06-27,0
individual_3031_2013_2014,1,2013,3031,2013-06-28,27,2013-06-28 02:00:23.000,47.7513771,8.9316601,summer_rest,false,true,,Central European breeding region,,observed,true,2013-06-28,2013-06-28,0
individual_3031_2013_2014,1,2013,3031,2013-06-29,28,2013-06-29 02:00:23.000,47.7513509,8.9316357,summer_rest,false,true,,Central European breeding region,,observed,true,2013-06-29,2013-06-29,0
individual_3031_2013_2014,1,2013,3031,2013-06-30,29,2013-06-30 02:00:23.000,47.7513546,8.9316478,summer_rest,false,true,,Central European breeding region,,observed,true,2013-06-30,2013-06-30,0
individual_3031_2013_2014,1,2013,3031,2013-07-01,30,2013-07-01 02:00:23.000,47.7513545,8.9316434,summer_rest,false,true,,Central European breeding region,,observed,true,2013-07-01,2013-07-01,0
individual_3031_2013_2014,1,2013,3031,2013-07-02,31,2013-07-02 02:00:23.000,47.7513461,8.9316856,summer_rest,false,true,,Central European breeding region,,observed,true,2013-07-02,2013-07-02,0
individual_3031_2013_2014,1,2013,3031,2013-07-03,32,2013-07-03 02:00:23.000,47.751344,8.9316431,summer_rest,false,true,,Central European breeding region,,observed,true,2013-07-03,2013-07-03,0
individual_3031_2013_2014,1,2013,3031,2013-07-04,33,2013-07-04 02:00:23.000,47.7513539,8.9316316,summer_rest,false,true,,Central European breeding region,,observed,true,2013-07-04,2013-07-04,0
individual_3031_2013_2014,1,2013,3031,2013-07-05,34,2013-07-05 02:00:23.000,47.751344,8.9316385,summer_rest,false,true,,Central European breeding region,,observed,true,2013-07-05,2013-07-05,0
individual_3031_2013_2014,1,2013,3031,2013-07-06,35,2013-07-06 02:00:23.000,47.7513406,8.9316558,summer_rest,false,true,,Central European breeding region,,observed,true,2013-07-06,2013-07-06,0
individual_3031_2013_2014,1,2013,3031,2013-07-07,36,2013-07-07 02:00:23.000,47.751333,8.931651,summer_rest,false,true,,Central European breeding region,,observed,true,2013-07-07,2013-07-07,0
individual_3031_2013_2014,1,2013,3031,2013-07-08,37,2013-07-08 02:00:23.000,47.7512978,8.9316466,summer_rest,false,true,,Central European breeding region,,observed,true,2013-07-08,2013-07-08,0
individual_3031_2013_2014,1,2013,3031,2013-07-09,38,2013-07-09 02:00:23.000,47.7513248,8.9316329,summer_rest,false,true,,Central European breeding region,,observed,true,2013-07-09,2013-07-09,0
individual_3031_2013_2014,1,2013,3031,2013-07-10,39,2013-07-10 02:00:23.000,47.751344,8.9316934,summer_rest,false,true,,Central European breeding region,,observed,true,2013-07-10,2013-07-10,0
individual_3031_2013_2014,1,2013,3031,2013-07-11,40,2013-07-11 02:00:23.000,47.7513567,8.9316481,summer_rest,false,true,,Central European breeding region,,observed,true,2013-07-11,2013-07-11,0
individual_3031_2013_2014,1,2013,3031,2013-07-12,41,2013-07-12 02:00:23.000,47.7513391,8.9316545,summer_rest,false,true,,Central European breeding region,,observed,true,2013-07-12,2013-07-12,0
individual_3031_2013_2014,1,2013,3031,2013-07-13,42,2013-07-13 02:00:23.000,47.751337,8.9316342,summer_rest,false,true,,Central European breeding region,,observed,true,2013-07-13,2013-07-13,0
individual_3031_2013_2014,1,2013,3031,2013-07-14,43,2013-07-14 02:00:23.000,47.7513212,8.9316228,summer_rest,false,true,,Central European breeding region,,observed,true,2013-07-14,2013-07-14,0
individual_3031_2013_2014,1,2013,3031,2013-07-15,44,2013-07-15 02:00:23.000,47.751334,8.9316676,summer_rest,false,true,,Central European breeding region,,observed,true,2013-07-15,2013-07-15,0
individual_3031_2013_2014,1,2013,3031,2013-07-16,45,2013-07-16 02:00:23.000,47.7513139,8.9316167,summer_rest,false,true,,Central European breeding region,,observed,true,2013-07-16,2013-07-16,0
individual_3031_2013_2014,1,2013,3031,2013-07-17,46,2013-07-17 02:00:23.000,47.7513175,8.9316297,summer_rest,false,true,,Central European breeding region,,observed,true,2013-07-17,2013-07-17,0
individual_3031_2013_2014,1,2013,3031,2013-07-18,47,2013-07-18 02:00:23.000,47.7513196,8.931658,summer_rest,false,true,,Central European breeding region,,observed,true,2013-07-18,2013-07-18,0
individual_3031_2013_2014,1,2013,3031,2013-07-19,48,2013-07-19 02:00:23.000,47.7513328,8.9316485,summer_rest,false,true,,Central European breeding region,,observed,true,2013-07-19,2013-07-19,0
individual_3031_2013_2014,1,2013,3031,2013-07-20,49,2013-07-20 02:00:23.000,47.7513488,8.9316528,summer_rest,false,true,,Central European breeding region,,observed,true,2013-07-20,2013-07-20,0
individual_3031_2013_2014,1,2013,3031,2013-07-21,50,2013-07-21 02:00:23.000,47.751315,8.9316709,summer_rest,false,true,,Central European breeding region,,observed,true,2013-07-21,2013-07-21,0
individual_3031_2013_2014,1,2013,3031,2013-07-22,51,2013-07-22 02:00:23.000,47.7513118,8.931718,summer_rest,false,true,,Central European breeding region,,observed,true,2013-07-22,2013-07-22,0
individual_3031_2013_2014,1,2013,3031,2013-07-23,52,2013-07-23 02:00:23.000,47.7513417,8.9316148,summer_rest,false,true,,Central European breeding region,,observed,true,2013-07-23,2013-07-23,0
individual_3031_2013_2014,1,2013,3031,2013-07-24,53,2013-07-24 02:00:23.000,47.7513463,8.9316685,summer_rest,false,true,,Central European breeding region,,observed,true,2013-07-24,2013-07-24,0
individual_3031_2013_2014,1,2013,3031,2013-07-25,54,2013-07-25 02:00:23.000,47.7513278,8.9316797,summer_rest,false,true,,Central European breeding region,,observed,true,2013-07-25,2013-07-25,0
individual_3031_2013_2014,1,2013,3031,2013-07-26,55,2013-07-26 02:00:23.000,47.7513167,8.9316069,summer_rest,false,true,,Central European breeding region,,observed,true,2013-07-26,2013-07-26,0
individual_3031_2013_2014,1,2013,3031,2013-07-27,56,2013-07-27 02:00:23.000,47.7512879,8.9316431,summer_rest,false,true,,Central European breeding region,,observed,true,2013-07-27,2013-07-27,0
individual_3031_2013_2014,1,2013,3031,2013-07-28,57,2013-07-28 02:00:23.000,47.7513358,8.9316861,summer_rest,false,true,,Central European breeding region,,observed,true,2013-07-28,2013-07-28,0
individual_3031_2013_2014,1,2013,3031,2013-07-29,58,2013-07-29 02:00:23.000,47.7513159,8.9316519,summer_rest,false,true,,Central European breeding region,,observed,true,2013-07-29,2013-07-29,0
individual_3031_2013_2014,1,2013,3031,2013-07-30,59,2013-07-30 02:00:23.000,47.7513503,8.9316501,summer_rest,false,true,,Central European breeding region,,observed,true,2013-07-30,2013-07-30,0
individual_3031_2013_2014,1,2013,3031,2013-07-31,60,2013-07-31 02:00:23.000,47.751352,8.9316575,summer_rest,false,true,,Central European breeding region,,observed,true,2013-07-31,2013-07-31,0
individual_3031_2013_2014,1,2013,3031,2013-08-01,61,2013-08-01 02:00:23.000,47.7513504,8.9316524,summer_rest,false,true,,Central European breeding region,,observed,true,2013-08-01,2013-08-01,0
individual_3031_2013_2014,1,2013,3031,2013-08-02,62,2013-08-02 02:00:23.000,47.7513098,8.9316794,summer_rest,false,true,,Central European breeding region,,observed,true,2013-08-02,2013-08-02,0
individual_3031_2013_2014,1,2013,3031,2013-08-03,63,2013-08-03 02:00:23.000,47.7513352,8.9316744,summer_rest,false,true,,Central European breeding region,,observed,true,2013-08-03,2013-08-03,0
individual_3031_2013_2014,1,2013,3031,2013-08-04,64,2013-08-04 02:00:23.000,47.7513473,8.9316506,summer_rest,false,true,,Central European breeding region,,observed,true,2013-08-04,2013-08-04,0
individual_3031_2013_2014,1,2013,3031,2013-08-05,65,2013-08-05 02:00:23.000,47.7513336,8.9316505,summer_rest,false,true,,Central European breeding region,,observed,true,2013-08-05,2013-08-05,0
individual_3031_2013_2014,1,2013,3031,2013-08-06,66,2013-08-06 02:00:23.000,47.76225,9.2450964,summer_rest,false,true,,Central European breeding region,,observed,true,2013-08-06,2013-08-06,0
individual_3031_2013_2014,1,2013,3031,2013-08-07,67,2013-08-07 02:00:23.000,47.7625537,9.2447806,summer_rest,false,true,,Central European breeding region,,observed,true,2013-08-07,2013-08-07,0
individual_3031_2013_2014,1,2013,3031,2013-08-08,68,2013-08-08 02:00:23.000,47.762323,9.2452236,summer_rest,false,true,,Central European breeding region,,observed,true,2013-08-08,2013-08-08,0
individual_3031_2013_2014,1,2013,3031,2013-08-09,69,2013-08-09 02:00:23.000,47.7619708,9.2452816,summer_rest,false,true,,Central European breeding region,,observed,true,2013-08-09,2013-08-09,0
individual_3031_2013_2014,1,2013,3031,2013-08-10,70,2013-08-10 02:00:23.000,47.7620431,9.2454597,summer_rest,false,true,,Central European breeding region,,observed,true,2013-08-10,2013-08-10,0
individual_3031_2013_2014,1,2013,3031,2013-08-11,71,2013-08-11 02:00:23.000,47.7619645,9.2452686,summer_rest,false,true,,Central European breeding region,,observed,true,2013-08-11,2013-08-11,0
individual_3031_2013_2014,1,2013,3031,2013-08-12,72,2013-08-12 02:00:23.000,47.2379759,8.2495375,autumn_migration,true,false,autumn_departure,,Morocco,observed,true,2013-08-12,2013-08-12,0
individual_3031_2013_2014,1,2013,3031,2013-08-13,73,2013-08-13 02:00:23.000,47.1674431,7.4076061,autumn_migration,true,false,,,Morocco,observed,true,2013-08-13,2013-08-13,0
individual_3031_2013_2014,1,2013,3031,2013-08-14,74,2013-08-14 02:00:23.000,45.1323497,4.9267482,autumn_migration,true,false,,,Morocco,observed,true,2013-08-14,2013-08-14,0
individual_3031_2013_2014,1,2013,3031,2013-08-15,75,2013-08-15 02:00:23.000,43.2441581,3.216674,autumn_migration,true,false,,,Morocco,observed,true,2013-08-15,2013-08-15,0
individual_3031_2013_2014,1,2013,3031,2013-08-16,76,2013-08-16 02:00:23.000,41.7902937,1.0442384,autumn_migration,true,false,,,Morocco,observed,true,2013-08-16,2013-08-16,0
individual_3031_2013_2014,1,2013,3031,2013-08-17,77,2013-08-17 02:00:23.000,41.5668671,0.5540242,autumn_migration,true,false,,,Morocco,observed,true,2013-08-17,2013-08-17,0
individual_3031_2013_2014,1,2013,3031,2013-08-18,78,2013-08-18 02:00:23.000,40.4427858,-2.5991528,autumn_migration,true,false,,,Morocco,observed,true,2013-08-18,2013-08-18,0
individual_3031_2013_2014,1,2013,3031,2013-08-19,79,2013-08-19 02:00:23.000,38.847743,-3.6823934,autumn_migration,true,false,,,Morocco,observed,true,2013-08-19,2013-08-19,0
individual_3031_2013_2014,1,2013,3031,2013-08-20,80,2013-08-20 02:00:23.000,37.7931456,-4.7391231,autumn_migration,true,false,,,Morocco,observed,true,2013-08-20,2013-08-20,0
individual_3031_2013_2014,1,2013,3031,2013-08-21,81,2013-08-21 02:00:23.000,37.8146987,-4.7482538,autumn_migration,true,false,,,Morocco,observed,true,2013-08-21,2013-08-21,0
individual_3031_2013_2014,1,2013,3031,2013-08-22,82,2013-08-22 02:00:23.000,37.8146437,-4.7479261,autumn_migration,true,false,,,Morocco,observed,true,2013-08-22,2013-08-22,0
individual_3031_2013_2014,1,2013,3031,2013-08-23,83,2013-08-23 02:00:23.000,37.8143164,-4.7477794,autumn_migration,true,false,,,Morocco,observed,true,2013-08-23,2013-08-23,0
individual_3031_2013_2014,1,2013,3031,2013-08-24,84,2013-08-24 02:00:23.000,37.8146501,-4.7488945,autumn_migration,true,false,,,Morocco,observed,true,2013-08-24,2013-08-24,0
individual_3031_2013_2014,1,2013,3031,2013-08-25,85,2013-08-25 02:00:23.000,37.814304,-4.7476281,autumn_migration,true,false,,,Morocco,observed,true,2013-08-25,2013-08-25,0
individual_3031_2013_2014,1,2013,3031,2013-08-26,86,2013-08-26 02:00:23.000,37.8139862,-4.7473753,autumn_migration,true,false,,,Morocco,observed,true,2013-08-26,2013-08-26,0
individual_3031_2013_2014,1,2013,3031,2013-08-27,87,2013-08-27 02:00:23.000,37.8142326,-4.7488245,autumn_migration,true,false,,,Morocco,observed,true,2013-08-27,2013-08-27,0
individual_3031_2013_2014,1,2013,3031,2013-08-28,88,2013-08-28 02:00:23.000,37.8144324,-4.7484776,autumn_migration,true,false,,,Morocco,observed,true,2013-08-28,2013-08-28,0
individual_3031_2013_2014,1,2013,3031,2013-08-29,89,2013-08-29 02:00:23.000,37.8143023,-4.7482496,autumn_migration,true,false,,,Morocco,observed,true,2013-08-29,2013-08-29,0
individual_3031_2013_2014,1,2013,3031,2013-08-30,90,2013-08-30 02:00:23.000,37.8147494,-4.7479516,autumn_migration,true,false,,,Morocco,observed,true,2013-08-30,2013-08-30,0
individual_3031_2013_2014,1,2013,3031,2013-08-31,91,2013-08-31 02:00:23.000,37.8143923,-4.7482249,autumn_migration,true,false,,,Morocco,observed,true,2013-08-31,2013-08-31,0
individual_3031_2013_2014,1,2013,3031,2013-09-01,92,2013-09-01 02:00:23.000,37.8145285,-4.7485393,autumn_migration,true,false,,,Morocco,observed,true,2013-09-01,2013-09-01,0
individual_3031_2013_2014,1,2013,3031,2013-09-02,93,2013-09-02 02:00:23.000,37.2128771,-5.8568337,autumn_migration,true,false,,,Morocco,observed,true,2013-09-02,2013-09-02,0
individual_3031_2013_2014,1,2013,3031,2013-09-03,94,2013-09-03 02:00:23.000,37.2223593,-5.8796309,autumn_migration,true,false,,,Morocco,observed,true,2013-09-03,2013-09-03,0
individual_3031_2013_2014,1,2013,3031,2013-09-04,95,2013-09-04 02:00:23.000,37.2224982,-5.8795044,autumn_migration,true,false,,,Morocco,observed,true,2013-09-04,2013-09-04,0
individual_3031_2013_2014,1,2013,3031,2013-09-05,96,2013-09-05 02:00:23.000,37.2226798,-5.8791419,autumn_migration,true,false,,,Morocco,observed,true,2013-09-05,2013-09-05,0
individual_3031_2013_2014,1,2013,3031,2013-09-06,97,2013-09-06 02:00:23.000,37.2222418,-5.8796341,autumn_migration,true,false,,,Morocco,observed,true,2013-09-06,2013-09-06,0
individual_3031_2013_2014,1,2013,3031,2013-09-07,98,2013-09-07 02:00:23.000,37.2225149,-5.8794741,autumn_migration,true,false,,,Morocco,observed,true,2013-09-07,2013-09-07,0
individual_3031_2013_2014,1,2013,3031,2013-09-08,99,2013-09-08 02:00:23.000,37.2315929,-5.3699376,autumn_migration,true,false,,,Morocco,observed,true,2013-09-08,2013-09-08,0
individual_3031_2013_2014,1,2013,3031,2013-09-09,100,2013-09-09 02:00:23.000,37.2041627,-6.1843366,autumn_migration,true,false,,,Morocco,observed,true,2013-09-09,2013-09-09,0
individual_3031_2013_2014,1,2013,3031,2013-09-10,101,2013-09-10 02:00:23.000,37.2053008,-6.1842537,autumn_migration,true,false,,,Morocco,observed,true,2013-09-10,2013-09-10,0
individual_3031_2013_2014,1,2013,3031,2013-09-11,102,2013-09-11 02:00:23.000,36.5779527,-6.1559584,autumn_migration,true,false,,,Morocco,observed,true,2013-09-11,2013-09-11,0
individual_3031_2013_2014,1,2013,3031,2013-09-12,103,2013-09-12 02:00:23.000,36.5855294,-6.1549121,autumn_migration,true,false,,,Morocco,observed,true,2013-09-12,2013-09-12,0
individual_3031_2013_2014,1,2013,3031,2013-09-13,104,2013-09-13 02:00:23.000,36.5848074,-6.1541592,autumn_migration,true,false,,,Morocco,observed,true,2013-09-13,2013-09-13,0
individual_3031_2013_2014,1,2013,3031,2013-09-14,105,2013-09-14 02:00:23.000,36.5877474,-6.1580154,autumn_migration,true,false,,,Morocco,observed,true,2013-09-14,2013-09-14,0
individual_3031_2013_2014,1,2013,3031,2013-09-15,106,2013-09-15 02:00:23.000,36.4437788,-6.1520466,autumn_migration,true,false,,,Morocco,observed,true,2013-09-15,2013-09-15,0
individual_3031_2013_2014,1,2013,3031,2013-09-16,107,2013-09-16 02:00:23.000,36.44443,-6.0808501,autumn_migration,true,false,,,Morocco,observed,true,2013-09-16,2013-09-16,0
individual_3031_2013_2014,1,2013,3031,2013-09-17,108,2013-09-17 02:00:23.000,36.4424303,-6.0798945,autumn_migration,true,false,,,Morocco,observed,true,2013-09-17,2013-09-17,0
individual_3031_2013_2014,1,2013,3031,2013-09-18,109,2013-09-18 02:00:23.000,36.4424507,-6.0798539,autumn_migration,true,false,,,Morocco,observed,true,2013-09-18,2013-09-18,0
individual_3031_2013_2014,1,2013,3031,2013-09-19,110,2013-09-19 02:00:23.000,36.4420218,-6.0801048,autumn_migration,true,false,,,Morocco,observed,true,2013-09-19,2013-09-19,0
individual_3031_2013_2014,1,2013,3031,2013-09-20,111,2013-09-20 02:00:23.000,36.441599,-6.0803806,autumn_migration,true,false,,,Morocco,observed,true,2013-09-20,2013-09-20,0
individual_3031_2013_2014,1,2013,3031,2013-09-21,112,2013-09-21 02:00:23.000,36.4436635,-6.1518006,autumn_migration,true,false,,,Morocco,observed,true,2013-09-21,2013-09-21,0
individual_3031_2013_2014,1,2013,3031,2013-09-22,113,2013-09-22 02:00:23.000,36.4609345,-6.1520906,autumn_migration,true,false,,,Morocco,observed,true,2013-09-22,2013-09-22,0
individual_3031_2013_2014,1,2013,3031,2013-09-23,114,2013-09-23 02:00:23.000,36.5820338,-6.1574893,autumn_migration,true,false,,,Morocco,observed,true,2013-09-23,2013-09-23,0
individual_3031_2013_2014,1,2013,3031,2013-09-24,115,2013-09-24 02:00:23.000,36.5262097,-6.0275585,autumn_migration,true,false,,,Morocco,observed,true,2013-09-24,2013-09-24,0
individual_3031_2013_2014,1,2013,3031,2013-09-25,116,2013-09-25 02:00:23.000,36.4414052,-6.0805331,autumn_migration,true,false,,,Morocco,observed,true,2013-09-25,2013-09-25,0
individual_3031_2013_2014,1,2013,3031,2013-09-26,117,2013-09-26 02:00:23.000,36.4414474,-6.0805174,autumn_migration,true,false,,,Morocco,observed,true,2013-09-26,2013-09-26,0
individual_3031_2013_2014,1,2013,3031,2013-09-27,118,2013-09-27 02:00:23.000,36.3230298,-5.8135248,autumn_migration,true,false,,,Morocco,observed,true,2013-09-27,2013-09-27,0
individual_3031_2013_2014,1,2013,3031,2013-09-28,119,2013-09-28 02:00:23.000,36.5253124,-6.0263523,autumn_migration,true,false,,,Morocco,observed,true,2013-09-28,2013-09-28,0
individual_3031_2013_2014,1,2013,3031,2013-09-29,120,2013-09-29 02:00:23.000,36.5244355,-6.025917,autumn_migration,true,false,,,Morocco,observed,true,2013-09-29,2013-09-29,0
individual_3031_2013_2014,1,2013,3031,2013-09-30,121,2013-09-30 02:00:23.000,36.4473385,-6.1529849,autumn_migration,true,false,,,Morocco,observed,true,2013-09-30,2013-09-30,0
individual_3031_2013_2014,1,2013,3031,2013-10-01,122,2013-10-01 02:00:23.000,36.4436618,-6.1520006,autumn_migration,true,false,,,Morocco,observed,true,2013-10-01,2013-10-01,0
individual_3031_2013_2014,1,2013,3031,2013-10-02,123,2013-10-02 02:00:23.000,36.4425819,-6.0799011,autumn_migration,true,false,,,Morocco,observed,true,2013-10-02,2013-10-02,0
individual_3031_2013_2014,1,2013,3031,2013-10-03,124,2013-10-03 02:00:23.000,36.2198528,-5.7995294,autumn_migration,true,false,,,Morocco,observed,true,2013-10-03,2013-10-03,0
individual_3031_2013_2014,1,2013,3031,2013-10-04,125,2013-10-04 02:00:23.000,36.4438444,-6.1518118,autumn_migration,true,false,,,Morocco,observed,true,2013-10-04,2013-10-04,0
individual_3031_2013_2014,1,2013,3031,2013-10-05,126,2013-10-05 02:00:23.000,36.4438662,-6.1521464,autumn_migration,true,false,,,Morocco,observed,true,2013-10-05,2013-10-05,0
individual_3031_2013_2014,1,2013,3031,2013-10-06,127,2013-10-06 02:00:23.000,34.4854626,-6.1417886,winter_rest,false,true,autumn_arrival,Morocco,Morocco,observed,true,2013-10-06,2013-10-06,0
individual_3031_2013_2014,1,2013,3031,2013-10-07,128,2013-10-07 02:00:23.000,34.5633992,-6.3071107,winter_rest,false,true,,Morocco,Morocco,observed,true,2013-10-07,2013-10-07,0
individual_3031_2013_2014,1,2013,3031,2013-10-08,129,2013-10-08 02:00:23.000,34.6627454,-6.2507203,winter_rest,false,true,,Morocco,Morocco,observed,true,2013-10-08,2013-10-08,0
individual_3031_2013_2014,1,2013,3031,2013-10-09,130,2013-10-09 02:00:23.000,34.6488493,-6.2741181,winter_rest,false,true,,Morocco,Morocco,observed,true,2013-10-09,2013-10-09,0
individual_3031_2013_2014,1,2013,3031,2013-10-10,131,2013-10-10 02:00:23.000,34.6478577,-6.2695982,winter_rest,false,true,,Morocco,Morocco,observed,true,2013-10-10,2013-10-10,0
individual_3031_2013_2014,1,2013,3031,2013-10-11,132,2013-10-11 02:00:23.000,34.6485444,-6.2740851,winter_rest,false,true,,Morocco,Morocco,observed,true,2013-10-11,2013-10-11,0
individual_3031_2013_2014,1,2013,3031,2013-10-12,133,2013-10-12 02:00:23.000,34.648722,-6.274535,winter_rest,false,true,,Morocco,Morocco,observed,true,2013-10-12,2013-10-12,0
individual_3031_2013_2014,1,2013,3031,2013-10-13,134,2013-10-13 02:00:23.000,34.6581358,-6.2682397,winter_rest,false,true,,Morocco,Morocco,observed,true,2013-10-13,2013-10-13,0
individual_3031_2013_2014,1,2013,3031,2013-10-14,135,2013-10-14 02:00:23.000,34.6367818,-6.2735209,winter_rest,false,true,,Morocco,Morocco,observed,true,2013-10-14,2013-10-14,0
individual_3031_2013_2014,1,2013,3031,2013-10-15,136,2013-10-15 02:00:23.000,34.6461402,-6.2678314,winter_rest,false,true,,Morocco,Morocco,observed,true,2013-10-15,2013-10-15,0
individual_3031_2013_2014,1,2013,3031,2013-10-16,137,2013-10-16 02:00:23.000,34.6711842,-6.2528144,winter_rest,false,true,,Morocco,Morocco,observed,true,2013-10-16,2013-10-16,0
individual_3031_2013_2014,1,2013,3031,2013-10-17,138,2013-10-17 02:00:23.000,34.6658269,-6.2516956,winter_rest,false,true,,Morocco,Morocco,observed,true,2013-10-17,2013-10-17,0
individual_3031_2013_2014,1,2013,3031,2013-10-18,139,2013-10-18 02:00:23.000,34.6702095,-6.2501921,winter_rest,false,true,,Morocco,Morocco,observed,true,2013-10-18,2013-10-18,0
individual_3031_2013_2014,1,2013,3031,2013-10-19,140,2013-10-19 02:00:23.000,34.6612073,-6.2626068,winter_rest,false,true,,Morocco,Morocco,observed,true,2013-10-19,2013-10-19,0
individual_3031_2013_2014,1,2013,3031,2013-10-20,141,2013-10-20 02:00:23.000,34.6654164,-6.2546065,winter_rest,false,true,,Morocco,Morocco,observed,true,2013-10-20,2013-10-20,0
individual_3031_2013_2014,1,2013,3031,2013-10-21,142,2013-10-21 02:00:23.000,34.6539158,-6.2695091,winter_rest,false,true,,Morocco,Morocco,observed,true,2013-10-21,2013-10-21,0
individual_3031_2013_2014,1,2013,3031,2013-10-22,143,2013-10-22 02:00:23.000,34.6574395,-6.2666122,winter_rest,false,true,,Morocco,Morocco,observed,true,2013-10-22,2013-10-22,0
individual_3031_2013_2014,1,2013,3031,2013-10-23,144,2013-10-23 02:00:23.000,34.6613885,-6.2633468,winter_rest,false,true,,Morocco,Morocco,observed,true,2013-10-23,2013-10-23,0
individual_3031_2013_2014,1,2013,3031,2013-10-24,145,2013-10-24 02:00:23.000,34.6563335,-6.2621995,winter_rest,false,true,,Morocco,Morocco,observed,true,2013-10-24,2013-10-24,0
individual_3031_2013_2014,1,2013,3031,2013-10-25,146,2013-10-25 02:00:23.000,34.665144,-6.247829,winter_rest,false,true,,Morocco,Morocco,observed,true,2013-10-25,2013-10-25,0
individual_3031_2013_2014,1,2013,3031,2013-10-26,147,2013-10-26 02:00:23.000,34.6712111,-6.2605641,winter_rest,false,true,,Morocco,Morocco,observed,true,2013-10-26,2013-10-26,0
individual_3031_2013_2014,1,2013,3031,2013-10-27,148,2013-10-27 02:00:23.000,34.6738747,-6.2554667,winter_rest,false,true,,Morocco,Morocco,observed,true,2013-10-27,2013-10-27,0
individual_3031_2013_2014,1,2013,3031,2013-10-28,149,2013-10-28 02:00:23.000,34.2713979,-6.5509785,winter_rest,false,true,,Morocco,Morocco,observed,true,2013-10-28,2013-10-28,0
individual_3031_2013_2014,1,2013,3031,2013-10-29,150,2013-10-29 02:00:23.000,34.2713661,-6.5510238,winter_rest,false,true,,Morocco,Morocco,observed,true,2013-10-29,2013-10-29,0
individual_3031_2013_2014,1,2013,3031,2013-10-30,151,2013-10-30 02:00:23.000,34.2709024,-6.551078,winter_rest,false,true,,Morocco,Morocco,observed,true,2013-10-30,2013-10-30,0
individual_3031_2013_2014,1,2013,3031,2013-10-31,152,2013-10-31 02:00:23.000,34.2711529,-6.5509922,winter_rest,false,true,,Morocco,Morocco,observed,true,2013-10-31,2013-10-31,0
individual_3031_2013_2014,1,2013,3031,2013-11-01,153,2013-11-01 02:00:23.000,34.271154,-6.5510589,winter_rest,false,true,,Morocco,Morocco,observed,true,2013-11-01,2013-11-01,0
individual_3031_2013_2014,1,2013,3031,2013-11-02,154,2013-11-02 02:00:23.000,34.2716855,-6.5530387,winter_rest,false,true,,Morocco,Morocco,observed,true,2013-11-02,2013-11-02,0
individual_3031_2013_2014,1,2013,3031,2013-11-03,155,2013-11-03 02:00:23.000,34.2721843,-6.5516695,winter_rest,false,true,,Morocco,Morocco,observed,true,2013-11-03,2013-11-03,0
individual_3031_2013_2014,1,2013,3031,2013-11-04,156,2013-11-04 02:00:23.000,34.2719732,-6.551249,winter_rest,false,true,,Morocco,Morocco,observed,true,2013-11-04,2013-11-04,0
individual_3031_2013_2014,1,2013,3031,2013-11-05,157,2013-11-05 02:00:23.000,34.2715581,-6.5517701,winter_rest,false,true,,Morocco,Morocco,observed,true,2013-11-05,2013-11-05,0
individual_3031_2013_2014,1,2013,3031,2013-11-06,158,2013-11-06 02:00:23.000,34.2714083,-6.5529771,winter_rest,false,true,,Morocco,Morocco,observed,true,2013-11-06,2013-11-06,0
individual_3031_2013_2014,1,2013,3031,2013-11-07,159,2013-11-07 02:00:23.000,34.2713867,-6.5515008,winter_rest,false,true,,Morocco,Morocco,observed,true,2013-11-07,2013-11-07,0
individual_3031_2013_2014,1,2013,3031,2013-11-08,160,2013-11-08 02:00:23.000,34.2714799,-6.5518671,winter_rest,false,true,,Morocco,Morocco,observed,true,2013-11-08,2013-11-08,0
individual_3031_2013_2014,1,2013,3031,2013-11-09,161,2013-11-09 02:00:23.000,34.271119,-6.5516292,winter_rest,false,true,,Morocco,Morocco,observed,true,2013-11-09,2013-11-09,0
individual_3031_2013_2014,1,2013,3031,2013-11-10,162,2013-11-10 02:00:23.000,34.2713347,-6.5518428,winter_rest,false,true,,Morocco,Morocco,observed,true,2013-11-10,2013-11-10,0
individual_3031_2013_2014,1,2013,3031,2013-11-11,163,2013-11-11 02:00:23.000,34.2726798,-6.5524498,winter_rest,false,true,,Morocco,Morocco,observed,true,2013-11-11,2013-11-11,0
individual_3031_2013_2014,1,2013,3031,2013-11-12,164,2013-11-12 02:00:23.000,34.4974199,-6.2228762,winter_rest,false,true,,Morocco,Morocco,observed,true,2013-11-12,2013-11-12,0
individual_3031_2013_2014,1,2013,3031,2013-11-13,165,2013-11-13 02:00:23.000,34.2725767,-6.5526534,winter_rest,false,true,,Morocco,Morocco,observed,true,2013-11-13,2013-11-13,0
individual_3031_2013_2014,1,2013,3031,2013-11-14,166,2013-11-14 02:00:23.000,34.2728435,-6.5525874,winter_rest,false,true,,Morocco,Morocco,observed,true,2013-11-14,2013-11-14,0
individual_3031_2013_2014,1,2013,3031,2013-11-15,167,2013-11-15 02:00:23.000,34.2723836,-6.5517683,winter_rest,false,true,,Morocco,Morocco,observed,true,2013-11-15,2013-11-15,0
individual_3031_2013_2014,1,2013,3031,2013-11-16,168,2013-11-16 02:00:23.000,34.2788067,-6.5757272,winter_rest,false,true,,Morocco,Morocco,observed,true,2013-11-16,2013-11-16,0
individual_3031_2013_2014,1,2013,3031,2013-11-17,169,2013-11-17 02:00:23.000,34.2700744,-6.5550404,winter_rest,false,true,,Morocco,Morocco,observed,true,2013-11-17,2013-11-17,0
individual_3031_2013_2014,1,2013,3031,2013-11-18,170,2013-11-18 02:00:23.000,34.2791062,-6.5758097,winter_rest,false,true,,Morocco,Morocco,observed,true,2013-11-18,2013-11-18,0
individual_3031_2013_2014,1,2013,3031,2013-11-19,171,2013-11-19 02:00:39.000,34.279013,-6.5760253,winter_rest,false,true,,Morocco,Morocco,observed,true,2013-11-19,2013-11-19,0
individual_3031_2013_2014,1,2013,3031,2013-11-20,172,2013-11-20 02:00:23.000,34.2793659,-6.5763626,winter_rest,false,true,,Morocco,Morocco,observed,true,2013-11-20,2013-11-20,0
individual_3031_2013_2014,1,2013,3031,2013-11-21,173,2013-11-21 02:00:23.000,34.2792939,-6.5760896,winter_rest,false,true,,Morocco,Morocco,observed,true,2013-11-21,2013-11-21,0
individual_3031_2013_2014,1,2013,3031,2013-11-22,174,2013-11-22 02:00:23.000,34.2794935,-6.5761393,winter_rest,false,true,,Morocco,Morocco,observed,true,2013-11-22,2013-11-22,0
individual_3031_2013_2014,1,2013,3031,2013-11-23,175,2013-11-23 02:00:23.000,34.279491,-6.576544,winter_rest,false,true,,Morocco,Morocco,observed,true,2013-11-23,2013-11-23,0
individual_3031_2013_2014,1,2013,3031,2013-11-24,176,2013-11-24 02:00:23.000,34.2797136,-6.5764811,winter_rest,false,true,,Morocco,Morocco,observed,true,2013-11-24,2013-11-24,0
individual_3031_2013_2014,1,2013,3031,2013-11-25,177,2013-11-25 02:00:23.000,34.2757979,-6.579042,winter_rest,false,true,,Morocco,Morocco,observed,true,2013-11-25,2013-11-25,0
individual_3031_2013_2014,1,2013,3031,2013-11-26,178,2013-11-26 02:00:23.000,34.2702337,-6.5529912,winter_rest,false,true,,Morocco,Morocco,observed,true,2013-11-26,2013-11-26,0
individual_3031_2013_2014,1,2013,3031,2013-11-27,179,2013-11-27 02:00:23.000,34.2750697,-6.5798855,winter_rest,false,true,,Morocco,Morocco,observed,true,2013-11-27,2013-11-27,0
individual_3031_2013_2014,1,2013,3031,2013-11-28,180,2013-11-28 02:00:23.000,34.2794891,-6.5767243,winter_rest,false,true,,Morocco,Morocco,observed,true,2013-11-28,2013-11-28,0
individual_3031_2013_2014,1,2013,3031,2013-11-29,181,2013-11-29 02:00:23.000,34.2795349,-6.5767678,winter_rest,false,true,,Morocco,Morocco,observed,true,2013-11-29,2013-11-29,0
individual_3031_2013_2014,1,2013,3031,2013-11-30,182,2013-11-30 02:00:23.000,34.2794797,-6.5767987,winter_rest,false,true,,Morocco,Morocco,observed,true,2013-11-30,2013-11-30,0
individual_3031_2013_2014,1,2013,3031,2013-12-01,183,2013-12-01 02:00:23.000,34.2796232,-6.5764515,winter_rest,false,true,,Morocco,Morocco,observed,true,2013-12-01,2013-12-01,0
individual_3031_2013_2014,1,2013,3031,2013-12-02,184,2013-12-02 02:00:23.000,34.2799642,-6.5766233,winter_rest,false,true,,Morocco,Morocco,observed,true,2013-12-02,2013-12-02,0
individual_3031_2013_2014,1,2013,3031,2013-12-03,185,2013-12-03 02:00:23.000,34.2794189,-6.5767635,winter_rest,false,true,,Morocco,Morocco,observed,true,2013-12-03,2013-12-03,0
individual_3031_2013_2014,1,2013,3031,2013-12-04,186,2013-12-04 02:00:23.000,34.2793838,-6.5767899,winter_rest,false,true,,Morocco,Morocco,observed,true,2013-12-04,2013-12-04,0
individual_3031_2013_2014,1,2013,3031,2013-12-05,187,2013-12-05 02:00:23.000,34.2753293,-6.5798177,winter_rest,false,true,,Morocco,Morocco,observed,true,2013-12-05,2013-12-05,0
individual_3031_2013_2014,1,2013,3031,2013-12-06,188,2013-12-06 02:00:23.000,34.2796803,-6.5767385,winter_rest,false,true,,Morocco,Morocco,observed,true,2013-12-06,2013-12-06,0
individual_3031_2013_2014,1,2013,3031,2013-12-07,189,2013-12-07 02:00:23.000,34.2793619,-6.5767804,winter_rest,false,true,,Morocco,Morocco,observed,true,2013-12-07,2013-12-07,0
individual_3031_2013_2014,1,2013,3031,2013-12-08,190,2013-12-08 02:00:23.000,34.2757593,-6.5793787,winter_rest,false,true,,Morocco,Morocco,observed,true,2013-12-08,2013-12-08,0
individual_3031_2013_2014,1,2013,3031,2013-12-09,191,2013-12-09 02:00:23.000,34.2756493,-6.5793924,winter_rest,false,true,,Morocco,Morocco,observed,true,2013-12-09,2013-12-09,0
individual_3031_2013_2014,1,2013,3031,2013-12-10,192,2013-12-10 02:00:23.000,34.2755584,-6.5793456,winter_rest,false,true,,Morocco,Morocco,observed,true,2013-12-10,2013-12-10,0
individual_3031_2013_2014,1,2013,3031,2013-12-11,193,2013-12-11 02:00:23.000,34.2755518,-6.579362,winter_rest,false,true,,Morocco,Morocco,observed,true,2013-12-11,2013-12-11,0
individual_3031_2013_2014,1,2013,3031,2013-12-12,194,2013-12-12 02:00:23.000,34.2755823,-6.5791838,winter_rest,false,true,,Morocco,Morocco,observed,true,2013-12-12,2013-12-12,0
individual_3031_2013_2014,1,2013,3031,2013-12-13,195,2013-12-13 02:00:23.000,34.2758923,-6.5800312,winter_rest,false,true,,Morocco,Morocco,observed,true,2013-12-13,2013-12-13,0
individual_3031_2013_2014,1,2013,3031,2013-12-14,196,2013-12-14 02:00:23.000,34.2755417,-6.5793083,winter_rest,false,true,,Morocco,Morocco,observed,true,2013-12-14,2013-12-14,0
individual_3031_2013_2014,1,2013,3031,2013-12-15,197,2013-12-15 02:00:23.000,34.2754538,-6.5794545,winter_rest,false,true,,Morocco,Morocco,observed,true,2013-12-15,2013-12-15,0
individual_3031_2013_2014,1,2013,3031,2013-12-16,198,2013-12-16 02:00:23.000,34.2756236,-6.5788144,winter_rest,false,true,,Morocco,Morocco,observed,true,2013-12-16,2013-12-16,0
individual_3031_2013_2014,1,2013,3031,2013-12-17,199,2013-12-17 02:00:23.000,34.2751246,-6.5787315,winter_rest,false,true,,Morocco,Morocco,observed,true,2013-12-17,2013-12-17,0
individual_3031_2013_2014,1,2013,3031,2013-12-18,200,2013-12-18 02:00:23.000,34.2757914,-6.5789453,winter_rest,false,true,,Morocco,Morocco,observed,true,2013-12-18,2013-12-18,0
individual_3031_2013_2014,1,2013,3031,2013-12-19,201,2013-12-19 02:00:23.000,34.2756044,-6.5787373,winter_rest,false,true,,Morocco,Morocco,observed,true,2013-12-19,2013-12-19,0
individual_3031_2013_2014,1,2013,3031,2013-12-20,202,2013-12-20 02:00:23.000,34.2757447,-6.5788936,winter_rest,false,true,,Morocco,Morocco,observed,true,2013-12-20,2013-12-20,0
individual_3031_2013_2014,1,2013,3031,2013-12-21,203,2013-12-21 02:00:23.000,34.2759608,-6.5791245,winter_rest,false,true,,Morocco,Morocco,observed,true,2013-12-21,2013-12-21,0
individual_3031_2013_2014,1,2013,3031,2013-12-22,204,2013-12-22 02:00:23.000,34.275599,-6.5784393,winter_rest,false,true,,Morocco,Morocco,observed,true,2013-12-22,2013-12-22,0
individual_3031_2013_2014,1,2013,3031,2013-12-23,205,2013-12-23 02:00:23.000,34.2709428,-6.5529396,winter_rest,false,true,,Morocco,Morocco,observed,true,2013-12-23,2013-12-23,0
individual_3031_2013_2014,1,2013,3031,2013-12-24,206,2013-12-24 02:00:23.000,34.2757275,-6.5791811,winter_rest,false,true,,Morocco,Morocco,observed,true,2013-12-24,2013-12-24,0
individual_3031_2013_2014,1,2013,3031,2013-12-25,207,2013-12-25 02:00:23.000,34.2755338,-6.5792741,winter_rest,false,true,,Morocco,Morocco,observed,true,2013-12-25,2013-12-25,0
individual_3031_2013_2014,1,2013,3031,2013-12-26,208,2013-12-26 02:00:23.000,34.2795219,-6.5768284,winter_rest,false,true,,Morocco,Morocco,observed,true,2013-12-26,2013-12-26,0
individual_3031_2013_2014,1,2013,3031,2013-12-27,209,2013-12-27 02:00:23.000,34.2758921,-6.5793457,winter_rest,false,true,,Morocco,Morocco,observed,true,2013-12-27,2013-12-27,0
individual_3031_2013_2014,1,2013,3031,2013-12-28,210,2013-12-28 02:00:23.000,34.2758122,-6.5787863,winter_rest,false,true,,Morocco,Morocco,observed,true,2013-12-28,2013-12-28,0
individual_3031_2013_2014,1,2013,3031,2013-12-29,211,2013-12-29 02:00:23.000,34.2758786,-6.5787929,winter_rest,false,true,,Morocco,Morocco,observed,true,2013-12-29,2013-12-29,0
individual_3031_2013_2014,1,2013,3031,2013-12-30,212,2013-12-30 02:00:23.000,34.2760505,-6.5794867,winter_rest,false,true,,Morocco,Morocco,observed,true,2013-12-30,2013-12-30,0
individual_3031_2013_2014,1,2013,3031,2013-12-31,213,2013-12-31 02:00:23.000,34.2754444,-6.5785264,winter_rest,false,true,,Morocco,Morocco,observed,true,2013-12-31,2013-12-31,0
individual_3031_2013_2014,1,2013,3031,2014-01-01,214,2014-01-01 02:00:23.000,34.275653,-6.5786084,winter_rest,false,true,,Morocco,Morocco,observed,true,2014-01-01,2014-01-01,0
individual_3031_2013_2014,1,2013,3031,2014-01-02,215,2014-01-02 02:00:23.000,34.275431,-6.5784898,winter_rest,false,true,,Morocco,Morocco,observed,true,2014-01-02,2014-01-02,0
individual_3031_2013_2014,1,2013,3031,2014-01-03,216,2014-01-03 02:00:23.000,34.2755623,-6.5784931,winter_rest,false,true,,Morocco,Morocco,observed,true,2014-01-03,2014-01-03,0
individual_3031_2013_2014,1,2013,3031,2014-01-04,217,2014-01-04 02:00:23.000,34.2758702,-6.5790251,winter_rest,false,true,,Morocco,Morocco,observed,true,2014-01-04,2014-01-04,0
individual_3031_2013_2014,1,2013,3031,2014-01-05,218,2014-01-05 02:00:23.000,34.2759178,-6.5787398,winter_rest,false,true,,Morocco,Morocco,observed,true,2014-01-05,2014-01-05,0
individual_3031_2013_2014,1,2013,3031,2014-01-06,219,2014-01-06 02:00:23.000,34.2755196,-6.5784975,winter_rest,false,true,,Morocco,Morocco,observed,true,2014-01-06,2014-01-06,0
individual_3031_2013_2014,1,2013,3031,2014-01-07,220,2014-01-07 02:00:23.000,34.2757314,-6.5790762,winter_rest,false,true,,Morocco,Morocco,observed,true,2014-01-07,2014-01-07,0
individual_3031_2013_2014,1,2013,3031,2014-01-08,221,2014-01-08 02:00:23.000,34.2753631,-6.5794342,winter_rest,false,true,,Morocco,Morocco,observed,true,2014-01-08,2014-01-08,0
individual_3031_2013_2014,1,2013,3031,2014-01-09,222,2014-01-09 02:00:23.000,34.2753145,-6.5797412,winter_rest,false,true,,Morocco,Morocco,observed,true,2014-01-09,2014-01-09,0
individual_3031_2013_2014,1,2013,3031,2014-01-10,223,2014-01-10 02:00:23.000,34.2755729,-6.5793149,winter_rest,false,true,,Morocco,Morocco,observed,true,2014-01-10,2014-01-10,0
individual_3031_2013_2014,1,2013,3031,2014-01-11,224,2014-01-11 02:00:23.000,34.2757105,-6.5789061,winter_rest,false,true,,Morocco,Morocco,observed,true,2014-01-11,2014-01-11,0
individual_3031_2013_2014,1,2013,3031,2014-01-12,225,2014-01-12 02:00:41.000,34.2751165,-6.5788198,winter_rest,false,true,,Morocco,Morocco,observed,true,2014-01-12,2014-01-12,0
individual_3031_2013_2014,1,2013,3031,2014-01-13,226,2014-01-13 02:00:23.000,34.2747431,-6.5795282,winter_rest,false,true,,Morocco,Morocco,observed,true,2014-01-13,2014-01-13,0
individual_3031_2013_2014,1,2013,3031,2014-01-14,227,2014-01-14 02:00:23.000,34.2794699,-6.5776683,winter_rest,false,true,,Morocco,Morocco,observed,true,2014-01-14,2014-01-14,0
individual_3031_2013_2014,1,2013,3031,2014-01-15,228,2014-01-15 02:00:23.000,34.2748758,-6.5781134,winter_rest,false,true,,Morocco,Morocco,observed,true,2014-01-15,2014-01-15,0
individual_3031_2013_2014,1,2013,3031,2014-01-16,229,2014-01-16 02:00:23.000,34.2754638,-6.5787301,winter_rest,false,true,,Morocco,Morocco,observed,true,2014-01-16,2014-01-16,0
individual_3031_2013_2014,1,2013,3031,2014-01-17,230,2014-01-17 02:00:23.000,34.2754815,-6.5789079,winter_rest,false,true,,Morocco,Morocco,observed,true,2014-01-17,2014-01-17,0
individual_3031_2013_2014,1,2013,3031,2014-01-18,231,2014-01-18 02:00:23.000,34.2755071,-6.5790481,winter_rest,false,true,,Morocco,Morocco,observed,true,2014-01-18,2014-01-18,0
individual_3031_2013_2014,1,2013,3031,2014-01-19,232,2014-01-19 02:00:23.000,34.27882,-6.5810408,winter_rest,false,true,,Morocco,Morocco,observed,true,2014-01-19,2014-01-19,0
individual_3031_2013_2014,1,2013,3031,2014-01-20,233,2014-01-20 02:00:23.000,34.2783822,-6.5811685,winter_rest,false,true,,Morocco,Morocco,observed,true,2014-01-20,2014-01-20,0
individual_3031_2013_2014,1,2013,3031,2014-01-21,234,2014-01-21 02:00:23.000,34.2850385,-6.5743647,winter_rest,false,true,,Morocco,Morocco,observed,true,2014-01-21,2014-01-21,0
individual_3031_2013_2014,1,2013,3031,2014-01-22,235,2014-01-22 02:00:23.000,34.274844,-6.5800424,winter_rest,false,true,,Morocco,Morocco,observed,true,2014-01-22,2014-01-22,0
individual_3031_2013_2014,1,2013,3031,2014-01-23,236,2014-01-23 02:00:23.000,34.2745968,-6.5805227,winter_rest,false,true,,Morocco,Morocco,observed,true,2014-01-23,2014-01-23,0
individual_3031_2013_2014,1,2013,3031,2014-01-24,237,2014-01-24 02:00:23.000,34.2750232,-6.5792488,winter_rest,false,true,,Morocco,Morocco,observed,true,2014-01-24,2014-01-24,0
individual_3031_2013_2014,1,2013,3031,2014-01-25,238,2014-01-25 02:00:23.000,34.2779316,-6.5810019,winter_rest,false,true,,Morocco,Morocco,observed,true,2014-01-25,2014-01-25,0
individual_3031_2013_2014,1,2013,3031,2014-01-26,239,2014-01-26 02:00:23.000,34.2736993,-6.5800314,winter_rest,false,true,,Morocco,Morocco,observed,true,2014-01-26,2014-01-26,0
individual_3031_2013_2014,1,2013,3031,2014-01-27,240,2014-01-27 02:00:23.000,34.2749456,-6.5793346,winter_rest,false,true,,Morocco,Morocco,observed,true,2014-01-27,2014-01-27,0
individual_3031_2013_2014,1,2013,3031,2014-01-28,241,2014-01-28 02:00:23.000,34.2752623,-6.5791299,winter_rest,false,true,,Morocco,Morocco,observed,true,2014-01-28,2014-01-28,0
individual_3031_2013_2014,1,2013,3031,2014-01-29,242,2014-01-29 02:00:23.000,34.2746538,-6.5780108,winter_rest,false,true,,Morocco,Morocco,observed,true,2014-01-29,2014-01-29,0
individual_3031_2013_2014,1,2013,3031,2014-01-30,243,2014-01-30 02:00:23.000,34.2784801,-6.5811653,winter_rest,false,true,,Morocco,Morocco,observed,true,2014-01-30,2014-01-30,0
individual_3031_2013_2014,1,2013,3031,2014-01-31,244,2014-01-31 02:00:23.000,34.2786281,-6.580878,winter_rest,false,true,,Morocco,Morocco,observed,true,2014-01-31,2014-01-31,0
individual_3031_2013_2014,1,2013,3031,2014-02-01,245,2014-02-01 02:00:23.000,34.2787472,-6.5808359,winter_rest,false,true,,Morocco,Morocco,observed,true,2014-02-01,2014-02-01,0
individual_3031_2013_2014,1,2013,3031,2014-02-02,246,2014-02-02 02:00:23.000,34.2736324,-6.5800037,winter_rest,false,true,,Morocco,Morocco,observed,true,2014-02-02,2014-02-02,0
individual_3031_2013_2014,1,2013,3031,2014-02-03,247,2014-02-03 02:00:23.000,34.2736841,-6.5800384,winter_rest,false,true,,Morocco,Morocco,observed,true,2014-02-03,2014-02-03,0
individual_3031_2013_2014,1,2013,3031,2014-02-04,248,2014-02-04 02:00:23.000,34.2737567,-6.5801002,winter_rest,false,true,,Morocco,Morocco,observed,true,2014-02-04,2014-02-04,0
individual_3031_2013_2014,1,2013,3031,2014-02-05,249,2014-02-05 02:00:23.000,34.2787496,-6.5810375,winter_rest,false,true,,Morocco,Morocco,observed,true,2014-02-05,2014-02-05,0
individual_3031_2013_2014,1,2013,3031,2014-02-06,250,2014-02-06 02:00:23.000,34.2736872,-6.580022,winter_rest,false,true,,Morocco,Morocco,observed,true,2014-02-06,2014-02-06,0
individual_3031_2013_2014,1,2013,3031,2014-02-07,251,2014-02-07 02:00:23.000,34.2738955,-6.5799623,winter_rest,false,true,,Morocco,Morocco,observed,true,2014-02-07,2014-02-07,0
individual_3031_2013_2014,1,2013,3031,2014-02-08,252,2014-02-08 02:00:23.000,34.2737917,-6.5800083,winter_rest,false,true,,Morocco,Morocco,observed,true,2014-02-08,2014-02-08,0
individual_3031_2013_2014,1,2013,3031,2014-02-09,253,2014-02-09 02:00:23.000,34.2736914,-6.580028,winter_rest,false,true,,Morocco,Morocco,observed,true,2014-02-09,2014-02-09,0
individual_3031_2013_2014,1,2013,3031,2014-02-10,254,2014-02-10 02:00:23.000,34.2737581,-6.5801251,winter_rest,false,true,,Morocco,Morocco,observed,true,2014-02-10,2014-02-10,0
individual_3031_2013_2014,1,2013,3031,2014-02-11,255,2014-02-11 02:00:23.000,34.2737025,-6.5800617,winter_rest,false,true,,Morocco,Morocco,observed,true,2014-02-11,2014-02-11,0
individual_3031_2013_2014,1,2013,3031,2014-02-12,256,2014-02-12 02:00:23.000,34.2735378,-6.5800332,winter_rest,false,true,,Morocco,Morocco,observed,true,2014-02-12,2014-02-12,0
individual_3031_2013_2014,1,2013,3031,2014-02-13,257,2014-02-13 02:00:23.000,34.2747015,-6.5804962,winter_rest,false,true,,Morocco,Morocco,observed,true,2014-02-13,2014-02-13,0
individual_3031_2013_2014,1,2013,3031,2014-02-14,258,2014-02-14 02:00:23.000,34.2748831,-6.5799729,winter_rest,false,true,,Morocco,Morocco,observed,true,2014-02-14,2014-02-14,0
individual_3031_2013_2014,1,2013,3031,2014-02-15,259,2014-02-15 02:00:23.000,34.2751948,-6.5792512,winter_rest,false,true,,Morocco,Morocco,observed,true,2014-02-15,2014-02-15,0
individual_3031_2013_2014,1,2013,3031,2014-02-16,260,2014-02-16 02:00:23.000,34.2736507,-6.5801633,winter_rest,false,true,,Morocco,Morocco,observed,true,2014-02-16,2014-02-16,0
individual_3031_2013_2014,1,2013,3031,2014-02-17,261,2014-02-17 02:00:23.000,34.2747828,-6.5814798,winter_rest,false,true,,Morocco,Morocco,observed,true,2014-02-17,2014-02-17,0
individual_3031_2013_2014,1,2013,3031,2014-02-18,262,2014-02-18 02:00:23.000,34.275388,-6.5807218,winter_rest,false,true,,Morocco,Morocco,observed,true,2014-02-18,2014-02-18,0
individual_3031_2013_2014,1,2013,3031,2014-02-19,263,2014-02-19 02:00:23.000,34.2755166,-6.580628,winter_rest,false,true,,Morocco,Morocco,observed,true,2014-02-19,2014-02-19,0
individual_3031_2013_2014,1,2013,3031,2014-02-20,264,2014-02-20 02:00:23.000,34.2750653,-6.5795043,winter_rest,false,true,,Morocco,Morocco,observed,true,2014-02-20,2014-02-20,0
individual_3031_2013_2014,1,2013,3031,2014-02-21,265,2014-02-21 02:00:23.000,34.2754812,-6.5806575,winter_rest,false,true,,Morocco,Morocco,observed,true,2014-02-21,2014-02-21,0
individual_3031_2013_2014,1,2013,3031,2014-02-22,266,2014-02-22 02:00:23.000,34.2751849,-6.5793045,winter_rest,false,true,,Morocco,Morocco,observed,true,2014-02-22,2014-02-22,0
individual_3031_2013_2014,1,2013,3031,2014-02-23,267,2014-02-23 02:00:23.000,34.273822,-6.5800976,winter_rest,false,true,,Morocco,Morocco,observed,true,2014-02-23,2014-02-23,0
individual_3031_2013_2014,1,2013,3031,2014-02-24,268,2014-02-24 02:00:23.000,34.2737727,-6.5800988,winter_rest,false,true,,Morocco,Morocco,observed,true,2014-02-24,2014-02-24,0
individual_3031_2013_2014,1,2013,3031,2014-02-25,269,2014-02-25 02:00:39.000,34.2754074,-6.5788505,winter_rest,false,true,,Morocco,Morocco,observed,true,2014-02-25,2014-02-25,0
individual_3031_2013_2014,1,2013,3031,2014-02-26,270,2014-02-26 02:00:23.000,34.2735339,-6.5799323,winter_rest,false,true,,Morocco,Morocco,observed,true,2014-02-26,2014-02-26,0
individual_3031_2013_2014,1,2013,3031,2014-02-27,271,2014-02-27 02:00:23.000,34.2735311,-6.5798586,winter_rest,false,true,,Morocco,Morocco,observed,true,2014-02-27,2014-02-27,0
individual_3031_2013_2014,1,2013,3031,2014-02-28,272,2014-02-28 02:00:23.000,34.2754058,-6.5788873,winter_rest,false,true,,Morocco,Morocco,observed,true,2014-02-28,2014-02-28,0
individual_3031_2013_2014,1,2013,3031,2014-03-01,273,2014-03-01 02:00:23.000,34.2754614,-6.5787288,winter_rest,false,true,,Morocco,Morocco,observed,true,2014-03-01,2014-03-01,0
individual_3031_2013_2014,1,2013,3031,2014-03-02,274,2014-03-02 02:00:23.000,34.2735045,-6.5799104,winter_rest,false,true,,Morocco,Morocco,observed,true,2014-03-02,2014-03-02,0
individual_3031_2013_2014,1,2013,3031,2014-03-03,275,2014-03-03 02:00:23.000,34.2737471,-6.5800042,winter_rest,false,true,,Morocco,Morocco,observed,true,2014-03-03,2014-03-03,0
individual_3031_2013_2014,1,2013,3031,2014-03-04,276,2014-03-04 02:00:23.000,34.2753426,-6.5789567,winter_rest,false,true,,Morocco,Morocco,observed,true,2014-03-04,2014-03-04,0
individual_3031_2013_2014,1,2013,3031,2014-03-05,277,2014-03-05 02:00:23.000,34.2753921,-6.5789298,winter_rest,false,true,,Morocco,Morocco,observed,true,2014-03-05,2014-03-05,0
individual_3031_2013_2014,1,2013,3031,2014-03-06,278,2014-03-06 02:00:23.000,34.273521,-6.5798809,winter_rest,false,true,,Morocco,Morocco,observed,true,2014-03-06,2014-03-06,0
individual_3031_2013_2014,1,2013,3031,2014-03-07,279,2014-03-07 02:00:23.000,34.2755201,-6.578856,winter_rest,false,true,,Morocco,Morocco,observed,true,2014-03-07,2014-03-07,0
individual_3031_2013_2014,1,2013,3031,2014-03-08,280,2014-03-08 02:00:23.000,34.2824603,-6.5615745,winter_rest,false,true,,Morocco,Morocco,observed,true,2014-03-08,2014-03-08,0
individual_3031_2013_2014,1,2013,3031,2014-03-09,281,2014-03-09 02:00:23.000,34.2754903,-6.5788573,winter_rest,false,true,,Morocco,Morocco,observed,true,2014-03-09,2014-03-09,0
individual_3031_2013_2014,1,2013,3031,2014-03-10,282,2014-03-10 02:00:23.000,34.2752648,-6.5792745,winter_rest,false,true,,Morocco,Morocco,observed,true,2014-03-10,2014-03-10,0
individual_3031_2013_2014,1,2013,3031,2014-03-11,283,2014-03-11 02:00:23.000,34.2753503,-6.5789207,winter_rest,false,true,,Morocco,Morocco,observed,true,2014-03-11,2014-03-11,0
individual_3031_2013_2014,1,2013,3031,2014-03-12,284,2014-03-12 02:00:23.000,34.2755104,-6.5788111,winter_rest,false,true,,Morocco,Morocco,observed,true,2014-03-12,2014-03-12,0
individual_3031_2013_2014,1,2013,3031,2014-03-13,285,2014-03-13 02:00:23.000,34.275442,-6.5789277,winter_rest,false,true,,Morocco,Morocco,observed,true,2014-03-13,2014-03-13,0
individual_3031_2013_2014,1,2013,3031,2014-03-14,286,2014-03-14 02:00:23.000,34.2752783,-6.5791475,winter_rest,false,true,,Morocco,Morocco,observed,true,2014-03-14,2014-03-14,0
individual_3031_2013_2014,1,2013,3031,2014-03-15,287,2014-03-15 02:00:23.000,34.9962882,-5.9647731,spring_migration,true,false,spring_departure,,Germany,observed,true,2014-03-15,2014-03-15,0
individual_3031_2013_2014,1,2013,3031,2014-03-16,288,2014-03-16 02:00:23.000,35.0297013,-5.980196,spring_migration,true,false,,,Germany,observed,true,2014-03-16,2014-03-16,0
individual_3031_2013_2014,1,2013,3031,2014-03-17,289,2014-03-17 02:00:23.000,35.0312261,-5.9800085,spring_migration,true,false,,,Germany,observed,true,2014-03-17,2014-03-17,0
individual_3031_2013_2014,1,2013,3031,2014-03-18,290,2014-03-18 02:00:23.000,35.029281,-5.9801218,spring_migration,true,false,,,Germany,observed,true,2014-03-18,2014-03-18,0
individual_3031_2013_2014,1,2013,3031,2014-03-19,291,2014-03-19 02:00:23.000,35.0294638,-5.980205,spring_migration,true,false,,,Germany,observed,true,2014-03-19,2014-03-19,0
individual_3031_2013_2014,1,2013,3031,2014-03-20,292,2014-03-20 02:00:23.000,35.0274594,-5.9800339,spring_migration,true,false,,,Germany,observed,true,2014-03-20,2014-03-20,0
individual_3031_2013_2014,1,2013,3031,2014-03-21,293,2014-03-21 02:00:23.000,35.0279959,-5.9799872,spring_migration,true,false,,,Germany,observed,true,2014-03-21,2014-03-21,0
individual_3031_2013_2014,1,2013,3031,2014-03-22,294,2014-03-22 02:00:23.000,35.0280243,-5.9799227,spring_migration,true,false,,,Germany,observed,true,2014-03-22,2014-03-22,0
individual_3031_2013_2014,1,2013,3031,2014-03-23,295,2014-03-23 02:00:23.000,35.027283,-5.9799518,spring_migration,true,false,,,Germany,observed,true,2014-03-23,2014-03-23,0
individual_3031_2013_2014,1,2013,3031,2014-03-24,296,2014-03-24 02:00:23.000,35.0315587,-5.9799605,spring_migration,true,false,,,Germany,observed,true,2014-03-24,2014-03-24,0
individual_3031_2013_2014,1,2013,3031,2014-03-25,297,2014-03-25 02:00:23.000,35.0273974,-5.9804258,spring_migration,true,false,,,Germany,observed,true,2014-03-25,2014-03-25,0
individual_3031_2013_2014,1,2013,3031,2014-03-26,298,2014-03-26 02:00:23.000,35.0267417,-5.9799464,spring_migration,true,false,,,Germany,observed,true,2014-03-26,2014-03-26,0
individual_3031_2013_2014,1,2013,3031,2014-03-27,299,2014-03-27 02:00:23.000,35.0269668,-5.9797191,spring_migration,true,false,,,Germany,observed,true,2014-03-27,2014-03-27,0
individual_3031_2013_2014,1,2013,3031,2014-03-28,300,2014-03-28 02:00:23.000,35.0269513,-5.9797563,spring_migration,true,false,,,Germany,observed,true,2014-03-28,2014-03-28,0
individual_3031_2013_2014,1,2013,3031,2014-03-29,301,2014-03-29 02:00:23.000,35.0312824,-5.9806305,spring_migration,true,false,,,Germany,observed,true,2014-03-29,2014-03-29,0
individual_3031_2013_2014,1,2013,3031,2014-03-30,302,2014-03-30 02:00:23.000,35.0308731,-5.9805166,spring_migration,true,false,,,Germany,observed,true,2014-03-30,2014-03-30,0
individual_3031_2013_2014,1,2013,3031,2014-03-31,303,2014-03-31 02:00:23.000,35.02722,-5.9801881,spring_migration,true,false,,,Germany,observed,true,2014-03-31,2014-03-31,0
individual_3031_2013_2014,1,2013,3031,2014-04-01,304,2014-04-01 02:00:23.000,35.0272399,-5.9800955,spring_migration,true,false,,,Germany,observed,true,2014-04-01,2014-04-01,0
individual_3031_2013_2014,1,2013,3031,2014-04-02,305,2014-04-02 02:00:23.000,35.0264971,-5.9796092,spring_migration,true,false,,,Germany,observed,true,2014-04-02,2014-04-02,0
individual_3031_2013_2014,1,2013,3031,2014-04-03,306,2014-04-03 02:00:23.000,35.0300044,-5.9806454,spring_migration,true,false,,,Germany,observed,true,2014-04-03,2014-04-03,0
individual_3031_2013_2014,1,2013,3031,2014-04-04,307,2014-04-04 02:00:23.000,35.034033,-5.9793347,spring_migration,true,false,,,Germany,observed,true,2014-04-04,2014-04-04,0
individual_3031_2013_2014,1,2013,3031,2014-04-05,308,2014-04-05 02:00:23.000,35.0314554,-5.9799852,spring_migration,true,false,,,Germany,observed,true,2014-04-05,2014-04-05,0
individual_3031_2013_2014,1,2013,3031,2014-04-06,309,2014-04-06 02:00:23.000,35.0290465,-5.9795623,spring_migration,true,false,,,Germany,observed,true,2014-04-06,2014-04-06,0
individual_3031_2013_2014,1,2013,3031,2014-04-07,310,2014-04-07 02:00:23.000,35.0312174,-5.9801011,spring_migration,true,false,,,Germany,observed,true,2014-04-07,2014-04-07,0
individual_3031_2013_2014,1,2013,3031,2014-04-08,311,2014-04-08 02:00:23.000,35.0318157,-5.9797428,spring_migration,true,false,,,Germany,observed,true,2014-04-08,2014-04-08,0
individual_3031_2013_2014,1,2013,3031,2014-04-09,312,2014-04-09 02:00:23.000,35.6193874,-5.910124,spring_migration,true,false,,,Germany,observed,true,2014-04-09,2014-04-09,0
individual_3031_2013_2014,1,2013,3031,2014-04-10,313,2014-04-10 02:00:23.000,35.6267031,-5.9241373,spring_migration,true,false,,,Germany,observed,true,2014-04-10,2014-04-10,0
individual_3031_2013_2014,1,2013,3031,2014-04-11,314,2014-04-11 02:00:23.000,37.1130929,-6.0609156,spring_migration,true,false,,,Germany,observed,true,2014-04-11,2014-04-11,0
individual_3031_2013_2014,1,2013,3031,2014-04-12,315,2014-04-12 02:00:23.000,38.9994462,-5.1850296,spring_migration,true,false,,,Germany,observed,true,2014-04-12,2014-04-12,0
individual_3031_2013_2014,1,2013,3031,2014-04-13,316,2014-04-13 02:00:23.000,39.0192901,-5.2254795,spring_migration,true,false,,,Germany,observed,true,2014-04-13,2014-04-13,0
individual_3031_2013_2014,1,2013,3031,2014-04-14,317,2014-04-14 02:00:23.000,39.0121368,-5.1969891,spring_migration,true,false,,,Germany,observed,true,2014-04-14,2014-04-14,0
individual_3031_2013_2014,1,2013,3031,2014-04-15,318,2014-04-15 02:00:23.000,39.0221241,-5.2135902,spring_migration,true,false,,,Germany,observed,true,2014-04-15,2014-04-15,0
individual_3031_2013_2014,1,2013,3031,2014-04-16,319,2014-04-16 02:00:23.000,40.0554564,-3.8549806,spring_migration,true,false,,,Germany,observed,true,2014-04-16,2014-04-16,0
individual_3031_2013_2014,1,2013,3031,2014-04-17,320,2014-04-17 02:00:23.000,40.3085705,-3.5850183,spring_migration,true,false,,,Germany,observed,true,2014-04-17,2014-04-17,0
individual_3031_2013_2014,1,2013,3031,2014-04-18,321,2014-04-18 02:00:23.000,40.311382,-3.5816767,spring_migration,true,false,,,Germany,observed,true,2014-04-18,2014-04-18,0
individual_3031_2013_2014,1,2013,3031,2014-04-19,322,2014-04-19 02:00:23.000,40.3076172,-3.5941419,spring_migration,true,false,,,Germany,observed,true,2014-04-19,2014-04-19,0
individual_3031_2013_2014,1,2013,3031,2014-04-20,323,2014-04-20 02:00:23.000,40.3112675,-3.5818875,spring_migration,true,false,,,Germany,observed,true,2014-04-20,2014-04-20,0
individual_3031_2013_2014,1,2013,3031,2014-04-21,324,2014-04-21 02:00:23.000,40.311232,-3.5814659,spring_migration,true,false,,,Germany,observed,true,2014-04-21,2014-04-21,0
individual_3031_2013_2014,1,2013,3031,2014-04-22,325,2014-04-22 02:00:23.000,40.3024156,-3.5940441,spring_migration,true,false,,,Germany,observed,true,2014-04-22,2014-04-22,0
individual_3031_2013_2014,1,2013,3031,2014-04-23,326,2014-04-23 02:00:23.000,40.305484,-3.6012687,spring_migration,true,false,,,Germany,observed,true,2014-04-23,2014-04-23,0
individual_3031_2013_2014,1,2013,3031,2014-04-24,327,2014-04-24 02:00:23.000,40.3057174,-3.6013417,spring_migration,true,false,,,Germany,observed,true,2014-04-24,2014-04-24,0
individual_3031_2013_2014,1,2013,3031,2014-04-25,328,2014-04-25 02:00:23.000,40.3058084,-3.6015477,spring_migration,true,false,,,Germany,observed,true,2014-04-25,2014-04-25,0
individual_3031_2013_2014,1,2013,3031,2014-04-26,329,2014-04-26 02:00:23.000,40.3059437,-3.6016341,spring_migration,true,false,,,Germany,observed,true,2014-04-26,2014-04-26,0
individual_3031_2013_2014,1,2013,3031,2014-04-27,330,2014-04-27 02:00:23.000,40.3098561,-3.6108781,spring_migration,true,false,,,Germany,observed,true,2014-04-27,2014-04-27,0
individual_3031_2013_2014,1,2013,3031,2014-04-28,331,2014-04-28 02:00:23.000,40.3082379,-3.5855861,spring_migration,true,false,,,Germany,observed,true,2014-04-28,2014-04-28,0
individual_3031_2013_2014,1,2013,3031,2014-04-29,332,2014-04-29 02:00:23.000,40.3099511,-3.6108351,spring_migration,true,false,,,Germany,observed,true,2014-04-29,2014-04-29,0
individual_3031_2013_2014,1,2013,3031,2014-04-30,333,2014-04-30 02:00:23.000,40.3099665,-3.6108313,spring_migration,true,false,,,Germany,observed,true,2014-04-30,2014-04-30,0
individual_3031_2013_2014,1,2013,3031,2014-05-01,334,2014-05-01 02:00:23.000,42.0277523,-1.6670259,spring_migration,true,false,,,Germany,observed,true,2014-05-01,2014-05-01,0
individual_3031_2013_2014,1,2013,3031,2014-05-02,335,2014-05-02 02:00:23.000,41.9658346,-1.4290003,spring_migration,true,false,,,Germany,observed,true,2014-05-02,2014-05-02,0
individual_3031_2013_2014,1,2013,3031,2014-05-03,336,2014-05-03 02:00:23.000,41.9741234,-1.4470348,spring_migration,true,false,,,Germany,observed,true,2014-05-03,2014-05-03,0
individual_3031_2013_2014,1,2013,3031,2014-05-04,337,2014-05-04 02:00:23.000,41.9187443,-1.3493918,spring_migration,true,false,,,Germany,observed,true,2014-05-04,2014-05-04,0
individual_3031_2013_2014,1,2013,3031,2014-05-05,338,2014-05-05 02:00:23.000,42.0863344,-1.1673086,spring_migration,true,false,,,Germany,observed,true,2014-05-05,2014-05-05,0
individual_3031_2013_2014,1,2013,3031,2014-05-06,339,2014-05-06 02:00:23.000,42.0908337,-1.1619888,spring_migration,true,false,,,Germany,observed,true,2014-05-06,2014-05-06,0
individual_3031_2013_2014,1,2013,3031,2014-05-07,340,2014-05-07 02:00:23.000,42.0908047,-1.1620158,spring_migration,true,false,,,Germany,observed,true,2014-05-07,2014-05-07,0
individual_3031_2013_2014,1,2013,3031,2014-05-08,341,2014-05-08 02:00:23.001,42.1001668,-1.0275077,spring_migration,true,false,,,Germany,observed,true,2014-05-08,2014-05-08,0
individual_3031_2013_2014,1,2013,3031,2014-05-09,342,2014-05-09 02:00:23.000,42.10011,-1.0275986,spring_migration,true,false,,,Germany,observed,true,2014-05-09,2014-05-09,0
individual_3031_2013_2014,1,2013,3031,2014-05-10,343,2014-05-10 02:00:23.000,42.1617814,-0.4062246,spring_migration,true,false,,,Germany,observed,true,2014-05-10,2014-05-10,0
individual_3031_2013_2014,1,2013,3031,2014-05-11,344,2014-05-11 02:00:23.000,42.0886723,-0.387371,spring_migration,true,false,,,Germany,observed,true,2014-05-11,2014-05-11,0
individual_3031_2013_2014,1,2013,3031,2014-05-12,345,2014-05-12 02:00:23.000,42.1070773,-0.3736278,spring_migration,true,false,,,Germany,observed,true,2014-05-12,2014-05-12,0
individual_3031_2013_2014,1,2013,3031,2014-05-13,346,2014-05-13 02:00:23.000,42.088458,-0.3874407,spring_migration,true,false,,,Germany,observed,true,2014-05-13,2014-05-13,0
individual_3031_2013_2014,1,2013,3031,2014-05-14,347,2014-05-14 02:00:23.000,41.7454202,0.6906638,spring_migration,true,false,,,Germany,observed,true,2014-05-14,2014-05-14,0
individual_3031_2013_2014,1,2013,3031,2014-05-15,348,2014-05-15 02:00:23.000,42.3328802,2.9579408,spring_migration,true,false,,,Germany,observed,true,2014-05-15,2014-05-15,0
individual_3031_2013_2014,1,2013,3031,2014-05-16,349,2014-05-16 02:00:23.000,42.279503,3.0823848,spring_migration,true,false,,,Germany,observed,true,2014-05-16,2014-05-16,0
individual_3031_2013_2014,1,2013,3031,2014-05-17,350,2014-05-17 02:00:23.000,42.2803808,3.0788204,spring_migration,true,false,,,Germany,observed,true,2014-05-17,2014-05-17,0
individual_3031_2013_2014,1,2013,3031,2014-05-18,351,2014-05-18 02:00:23.000,42.2803512,3.0789844,spring_migration,true,false,,,Germany,observed,true,2014-05-18,2014-05-18,0
individual_3031_2013_2014,1,2013,3031,2014-05-19,352,2014-05-19 02:00:23.000,42.2803962,3.0788738,spring_migration,true,false,,,Germany,observed,true,2014-05-19,2014-05-19,0
individual_3031_2013_2014,1,2013,3031,2014-05-20,353,2014-05-20 02:00:23.000,43.2996445,3.0532752,spring_migration,true,false,,,Germany,observed,true,2014-05-20,2014-05-20,0
individual_3031_2013_2014,1,2013,3031,2014-05-21,354,2014-05-21 02:00:23.000,43.2997696,3.0535583,spring_migration,true,false,,,Germany,observed,true,2014-05-21,2014-05-21,0
individual_3031_2013_2014,1,2013,3031,2014-05-22,355,2014-05-22 02:00:23.000,43.2996621,3.0531694,spring_migration,true,false,,,Germany,observed,true,2014-05-22,2014-05-22,0
individual_3031_2013_2014,1,2013,3031,2014-05-23,356,2014-05-23 02:00:23.000,43.2996707,3.0530487,spring_migration,true,false,,,Germany,observed,true,2014-05-23,2014-05-23,0
individual_3031_2013_2014,1,2013,3031,2014-05-24,357,2014-05-24 02:00:23.000,43.6277587,4.2315424,spring_migration,true,false,,,Germany,observed,true,2014-05-24,2014-05-24,0
individual_3031_2013_2014,1,2013,3031,2014-05-25,358,2014-05-25 02:00:23.000,45.3930957,4.8079375,spring_migration,true,false,,,Germany,observed,true,2014-05-25,2014-05-25,0
individual_3031_2013_2014,1,2013,3031,2014-05-26,359,2014-05-26 02:00:23.000,46.4989752,4.9244723,spring_migration,true,false,,,Germany,observed,true,2014-05-26,2014-05-26,0
individual_3031_2013_2014,1,2013,3031,2014-05-27,360,2014-05-27 02:00:23.000,47.0398924,5.1512288,spring_migration,true,false,,,Germany,observed,true,2014-05-27,2014-05-27,0
individual_3031_2013_2014,1,2013,3031,2014-05-28,361,2014-05-28 02:00:23.000,47.4652915,6.2452605,summer_rest,false,true,spring_arrival,Central European breeding region,,observed,true,2014-05-28,2014-05-28,0
individual_3031_2013_2014,1,2013,3031,2014-05-29,362,2014-05-29 02:00:23.000,47.7792908,6.1152629,summer_rest,false,true,,Central European breeding region,,observed,true,2014-05-29,2014-05-29,0
individual_3031_2013_2014,1,2013,3031,2014-05-30,363,2014-05-30 02:00:23.000,47.7792641,6.115262,summer_rest,false,true,,Central European breeding region,,observed,true,2014-05-30,2014-05-30,0
individual_3031_2013_2014,1,2013,3031,2014-05-31,364,2014-05-31 02:00:23.000,47.781865,6.0989548,summer_rest,false,true,,Central European breeding region,,observed,true,2014-05-31,2014-05-31,0
individual_3339_2016_2017,2,2016,3339,2016-06-01,0,2016-06-01 02:00:23,50.542553,9.7978345,summer_rest,false,true,,Central European breeding region,,observed,true,2016-06-01,2016-06-01,0
individual_3339_2016_2017,2,2016,3339,2016-06-02,1,2016-06-02 02:00:23,50.5425619,9.7978101,summer_rest,false,true,,Central European breeding region,,observed,true,2016-06-02,2016-06-02,0
individual_3339_2016_2017,2,2016,3339,2016-06-03,2,2016-06-03 02:00:23,50.542567,9.7978052,summer_rest,false,true,,Central European breeding region,,observed,true,2016-06-03,2016-06-03,0
individual_3339_2016_2017,2,2016,3339,2016-06-04,3,2016-06-04 02:00:23,50.5425411,9.7978541,summer_rest,false,true,,Central European breeding region,,observed,true,2016-06-04,2016-06-04,0
individual_3339_2016_2017,2,2016,3339,2016-06-05,4,2016-06-05 02:00:23,50.5422434,9.8016928,summer_rest,false,true,,Central European breeding region,,observed,true,2016-06-05,2016-06-05,0
individual_3339_2016_2017,2,2016,3339,2016-06-06,5,2016-06-06 02:00:23,50.4178371,8.9000961,summer_rest,false,true,,Central European breeding region,,observed,true,2016-06-06,2016-06-06,0
individual_3339_2016_2017,2,2016,3339,2016-06-07,6,2016-06-07 02:00:23,50.4163099,8.9005929,summer_rest,false,true,,Central European breeding region,,observed,true,2016-06-07,2016-06-07,0
individual_3339_2016_2017,2,2016,3339,2016-06-08,7,2016-06-08 02:00:23,50.4145151,8.9043148,summer_rest,false,true,,Central European breeding region,,observed,true,2016-06-08,2016-06-08,0
individual_3339_2016_2017,2,2016,3339,2016-06-09,8,2016-06-09 02:00:23,50.3353605,8.9377469,summer_rest,false,true,,Central European breeding region,,observed,true,2016-06-09,2016-06-09,0
individual_3339_2016_2017,2,2016,3339,2016-06-10,9,2016-06-10 02:00:23,50.6115594,8.7484149,summer_rest,false,true,,Central European breeding region,,observed,true,2016-06-10,2016-06-10,0
individual_3339_2016_2017,2,2016,3339,2016-06-11,10,2016-06-11 02:00:23,50.2321817,7.8303409,summer_rest,false,true,,Central European breeding region,,observed,true,2016-06-11,2016-06-11,0
individual_3339_2016_2017,2,2016,3339,2016-06-12,11,2016-06-12 02:00:23,50.232194,7.8303748,summer_rest,false,true,,Central European breeding region,,observed,true,2016-06-12,2016-06-12,0
individual_3339_2016_2017,2,2016,3339,2016-06-13,12,2016-06-13 02:00:23,50.2322077,7.8303481,summer_rest,false,true,,Central European breeding region,,observed,true,2016-06-13,2016-06-13,0
individual_3339_2016_2017,2,2016,3339,2016-06-14,13,2016-06-14 02:00:23,50.2317361,7.8313019,summer_rest,false,true,,Central European breeding region,,observed,true,2016-06-14,2016-06-14,0
individual_3339_2016_2017,2,2016,3339,2016-06-15,14,2016-06-15 02:00:23,50.232189,7.830397,summer_rest,false,true,,Central European breeding region,,observed,true,2016-06-15,2016-06-15,0
individual_3339_2016_2017,2,2016,3339,2016-06-16,15,2016-06-16 02:00:23,50.2319609,7.8308456,summer_rest,false,true,,Central European breeding region,,observed,true,2016-06-16,2016-06-16,0
individual_3339_2016_2017,2,2016,3339,2016-06-17,16,2016-06-17 02:00:23,50.2321874,7.8303894,summer_rest,false,true,,Central European breeding region,,observed,true,2016-06-17,2016-06-17,0
individual_3339_2016_2017,2,2016,3339,2016-06-18,17,2016-06-18 02:00:23,50.2319606,7.8308434,summer_rest,false,true,,Central European breeding region,,observed,true,2016-06-18,2016-06-18,0
individual_3339_2016_2017,2,2016,3339,2016-06-19,18,2016-06-19 02:00:23,50.4155179,8.9022525,summer_rest,false,true,,Central European breeding region,,observed,true,2016-06-19,2016-06-19,0
individual_3339_2016_2017,2,2016,3339,2016-06-20,19,2016-06-20 02:00:23,50.3593055,8.9543342,summer_rest,false,true,,Central European breeding region,,observed,true,2016-06-20,2016-06-20,0
individual_3339_2016_2017,2,2016,3339,2016-06-21,20,2016-06-21 02:00:23,50.3596668,8.957311,summer_rest,false,true,,Central European breeding region,,observed,true,2016-06-21,2016-06-21,0
individual_3339_2016_2017,2,2016,3339,2016-06-22,21,2016-06-22 02:00:23,50.3593376,8.9543489,summer_rest,false,true,,Central European breeding region,,observed,true,2016-06-22,2016-06-22,0
individual_3339_2016_2017,2,2016,3339,2016-06-23,22,2016-06-23 02:00:23,50.2766843,8.9711547,summer_rest,false,true,,Central European breeding region,,observed,true,2016-06-23,2016-06-23,0
individual_3339_2016_2017,2,2016,3339,2016-06-24,23,2016-06-24 02:00:23,50.280845,8.9488451,summer_rest,false,true,,Central European breeding region,,observed,true,2016-06-24,2016-06-24,0
individual_3339_2016_2017,2,2016,3339,2016-06-25,24,2016-06-25 02:00:23,50.2767592,8.9711145,summer_rest,false,true,,Central European breeding region,,observed,true,2016-06-25,2016-06-25,0
individual_3339_2016_2017,2,2016,3339,2016-06-26,25,2016-06-26 02:00:23,50.2808993,8.9488684,summer_rest,false,true,,Central European breeding region,,observed,true,2016-06-26,2016-06-26,0
individual_3339_2016_2017,2,2016,3339,2016-06-27,26,2016-06-27 02:00:23,50.2809297,8.9489119,summer_rest,false,true,,Central European breeding region,,observed,true,2016-06-27,2016-06-27,0
individual_3339_2016_2017,2,2016,3339,2016-06-28,27,2016-06-28 02:00:23,50.2808827,8.948856,summer_rest,false,true,,Central European breeding region,,observed,true,2016-06-28,2016-06-28,0
individual_3339_2016_2017,2,2016,3339,2016-06-29,28,2016-06-29 02:00:23,50.2797568,8.9502433,summer_rest,false,true,,Central European breeding region,,observed,true,2016-06-29,2016-06-29,0
individual_3339_2016_2017,2,2016,3339,2016-06-30,29,2016-06-30 02:00:23,50.3600011,8.9565862,summer_rest,false,true,,Central European breeding region,,observed,true,2016-06-30,2016-06-30,0
individual_3339_2016_2017,2,2016,3339,2016-07-01,30,2016-07-01 02:00:23,50.2741023,8.9535934,summer_rest,false,true,,Central European breeding region,,observed,true,2016-07-01,2016-07-01,0
individual_3339_2016_2017,2,2016,3339,2016-07-02,31,2016-07-02 02:00:23,50.2916162,9.0233634,summer_rest,false,true,,Central European breeding region,,observed,true,2016-07-02,2016-07-02,0
individual_3339_2016_2017,2,2016,3339,2016-07-03,32,2016-07-03 02:00:23,50.2916713,9.0239385,summer_rest,false,true,,Central European breeding region,,observed,true,2016-07-03,2016-07-03,0
individual_3339_2016_2017,2,2016,3339,2016-07-04,33,2016-07-04 02:00:23,50.2915901,9.0233865,summer_rest,false,true,,Central European breeding region,,observed,true,2016-07-04,2016-07-04,0
individual_3339_2016_2017,2,2016,3339,2016-07-05,34,2016-07-05 02:00:23,50.277265,8.9709863,summer_rest,false,true,,Central European breeding region,,observed,true,2016-07-05,2016-07-05,0
individual_3339_2016_2017,2,2016,3339,2016-07-06,35,2016-07-06 02:00:23,50.2916013,9.0233725,summer_rest,false,true,,Central European breeding region,,observed,true,2016-07-06,2016-07-06,0
individual_3339_2016_2017,2,2016,3339,2016-07-07,36,2016-07-07 02:00:23,50.2914547,9.0224825,summer_rest,false,true,,Central European breeding region,,observed,true,2016-07-07,2016-07-07,0
individual_3339_2016_2017,2,2016,3339,2016-07-08,37,2016-07-08 02:00:23,50.2914411,9.022472,summer_rest,false,true,,Central European breeding region,,observed,true,2016-07-08,2016-07-08,0
individual_3339_2016_2017,2,2016,3339,2016-07-09,38,2016-07-09 02:00:23,50.2916546,9.023935,summer_rest,false,true,,Central European breeding region,,observed,true,2016-07-09,2016-07-09,0
individual_3339_2016_2017,2,2016,3339,2016-07-10,39,2016-07-10 02:00:23,50.4325667,8.9130466,summer_rest,false,true,,Central European breeding region,,observed,true,2016-07-10,2016-07-10,0
individual_3339_2016_2017,2,2016,3339,2016-07-11,40,2016-07-11 02:00:23,50.8329658,8.9089259,summer_rest,false,true,,Central European breeding region,,observed,true,2016-07-11,2016-07-11,0
individual_3339_2016_2017,2,2016,3339,2016-07-12,41,2016-07-12 02:00:23,50.7817345,8.9470096,summer_rest,false,true,,Central European breeding region,,observed,true,2016-07-12,2016-07-12,0
individual_3339_2016_2017,2,2016,3339,2016-07-13,42,2016-07-13 02:00:23,50.4371608,8.8988817,summer_rest,false,true,,Central European breeding region,,observed,true,2016-07-13,2016-07-13,0
individual_3339_2016_2017,2,2016,3339,2016-07-14,43,2016-07-14 02:00:23,50.2914969,9.0229456,summer_rest,false,true,,Central European breeding region,,observed,true,2016-07-14,2016-07-14,0
individual_3339_2016_2017,2,2016,3339,2016-07-15,44,2016-07-15 02:00:23,50.2915318,9.0229338,summer_rest,false,true,,Central European breeding region,,observed,true,2016-07-15,2016-07-15,0
individual_3339_2016_2017,2,2016,3339,2016-07-16,45,2016-07-16 02:00:23,50.2915551,9.023349,summer_rest,false,true,,Central European breeding region,,observed,true,2016-07-16,2016-07-16,0
individual_3339_2016_2017,2,2016,3339,2016-07-17,46,2016-07-17 02:00:23,50.2914369,9.0225103,summer_rest,false,true,,Central European breeding region,,observed,true,2016-07-17,2016-07-17,0
individual_3339_2016_2017,2,2016,3339,2016-07-18,47,2016-07-18 02:00:23,50.2921048,9.0222107,summer_rest,false,true,,Central European breeding region,,observed,true,2016-07-18,2016-07-18,0
individual_3339_2016_2017,2,2016,3339,2016-07-19,48,2016-07-19 02:00:23,50.2923416,9.0236962,summer_rest,false,true,,Central European breeding region,,observed,true,2016-07-19,2016-07-19,0
individual_3339_2016_2017,2,2016,3339,2016-07-20,49,2016-07-20 02:00:23,50.3897937,8.894154,summer_rest,false,true,,Central European breeding region,,observed,true,2016-07-20,2016-07-20,0
individual_3339_2016_2017,2,2016,3339,2016-07-21,50,2016-07-21 02:00:23,50.2914697,9.0224924,summer_rest,false,true,,Central European breeding region,,observed,true,2016-07-21,2016-07-21,0
individual_3339_2016_2017,2,2016,3339,2016-07-22,51,2016-07-22 02:00:23,50.2916676,9.0239203,summer_rest,false,true,,Central European breeding region,,observed,true,2016-07-22,2016-07-22,0
individual_3339_2016_2017,2,2016,3339,2016-07-23,52,2016-07-23 02:00:23,50.276475,8.9718244,summer_rest,false,true,,Central European breeding region,,observed,true,2016-07-23,2016-07-23,0
individual_3339_2016_2017,2,2016,3339,2016-07-24,53,2016-07-24 02:00:23,50.2761684,8.9719217,summer_rest,false,true,,Central European breeding region,,observed,true,2016-07-24,2016-07-24,0
individual_3339_2016_2017,2,2016,3339,2016-07-25,54,2016-07-25 02:00:23,50.2772731,8.970975,summer_rest,false,true,,Central European breeding region,,observed,true,2016-07-25,2016-07-25,0
individual_3339_2016_2017,2,2016,3339,2016-07-26,55,2016-07-26 02:00:23,50.2879822,8.9855266,summer_rest,false,true,,Central European breeding region,,observed,true,2016-07-26,2016-07-26,0
individual_3339_2016_2017,2,2016,3339,2016-07-27,56,2016-07-27 02:00:23,50.2871437,8.9855247,summer_rest,false,true,,Central European breeding region,,observed,true,2016-07-27,2016-07-27,0
individual_3339_2016_2017,2,2016,3339,2016-07-28,57,2016-07-28 02:00:23,50.2876559,8.984932,summer_rest,false,true,,Central European breeding region,,observed,true,2016-07-28,2016-07-28,0
individual_3339_2016_2017,2,2016,3339,2016-07-29,58,2016-07-29 02:00:23,50.5692133,8.648272,summer_rest,false,true,,Central European breeding region,,observed,true,2016-07-29,2016-07-29,0
individual_3339_2016_2017,2,2016,3339,2016-07-30,59,2016-07-30 02:00:23,50.4570975,8.7762529,summer_rest,false,true,,Central European breeding region,,observed,true,2016-07-30,2016-07-30,0
individual_3339_2016_2017,2,2016,3339,2016-07-31,60,2016-07-31 02:00:23,50.4490886,8.7155568,summer_rest,false,true,,Central European breeding region,,observed,true,2016-07-31,2016-07-31,0
individual_3339_2016_2017,2,2016,3339,2016-08-01,61,2016-08-01 02:00:23,50.4594117,8.7525954,summer_rest,false,true,,Central European breeding region,,observed,true,2016-08-01,2016-08-01,0
individual_3339_2016_2017,2,2016,3339,2016-08-02,62,2016-08-02 02:00:23,50.5988242,8.6440923,summer_rest,false,true,,Central European breeding region,,observed,true,2016-08-02,2016-08-02,0
individual_3339_2016_2017,2,2016,3339,2016-08-03,63,2016-08-03 02:00:23,50.5949524,8.6581859,summer_rest,false,true,,Central European breeding region,,observed,true,2016-08-03,2016-08-03,0
individual_3339_2016_2017,2,2016,3339,2016-08-04,64,2016-08-04 02:00:23,50.5926003,8.6562141,summer_rest,false,true,,Central European breeding region,,observed,true,2016-08-04,2016-08-04,0
individual_3339_2016_2017,2,2016,3339,2016-08-05,65,2016-08-05 02:00:23,50.5926874,8.6561995,summer_rest,false,true,,Central European breeding region,,observed,true,2016-08-05,2016-08-05,0
individual_3339_2016_2017,2,2016,3339,2016-08-06,66,2016-08-06 02:00:23,50.5926316,8.656209,summer_rest,false,true,,Central European breeding region,,observed,true,2016-08-06,2016-08-06,0
individual_3339_2016_2017,2,2016,3339,2016-08-07,67,2016-08-07 02:00:23,50.5926478,8.6561812,summer_rest,false,true,,Central European breeding region,,observed,true,2016-08-07,2016-08-07,0
individual_3339_2016_2017,2,2016,3339,2016-08-08,68,2016-08-08 02:00:23,50.5228214,8.0509828,summer_rest,false,true,,Central European breeding region,,observed,true,2016-08-08,2016-08-08,0
individual_3339_2016_2017,2,2016,3339,2016-08-09,69,2016-08-09 02:00:23,50.5228367,8.0509852,summer_rest,false,true,,Central European breeding region,,observed,true,2016-08-09,2016-08-09,0
individual_3339_2016_2017,2,2016,3339,2016-08-10,70,2016-08-10 02:00:23,50.287684,8.9849252,summer_rest,false,true,,Central European breeding region,,observed,true,2016-08-10,2016-08-10,0
individual_3339_2016_2017,2,2016,3339,2016-08-11,71,2016-08-11 02:00:23,50.3295846,8.8873953,summer_rest,false,true,,Central European breeding region,,observed,true,2016-08-11,2016-08-11,0
individual_3339_2016_2017,2,2016,3339,2016-08-12,72,2016-08-12 02:00:23,50.329645,8.8880233,summer_rest,false,true,,Central European breeding region,,observed,true,2016-08-12,2016-08-12,0
individual_3339_2016_2017,2,2016,3339,2016-08-13,73,2016-08-13 02:00:23,50.3392116,8.844886,summer_rest,false,true,,Central European breeding region,,observed,true,2016-08-13,2016-08-13,0
individual_3339_2016_2017,2,2016,3339,2016-08-14,74,2016-08-14 02:00:23,50.3276485,8.8534342,summer_rest,false,true,,Central European breeding region,,observed,true,2016-08-14,2016-08-14,0
individual_3339_2016_2017,2,2016,3339,2016-08-15,75,2016-08-15 02:00:23,50.4108822,8.722355,summer_rest,false,true,,Central European breeding region,,observed,true,2016-08-15,2016-08-15,0
individual_3339_2016_2017,2,2016,3339,2016-08-16,76,2016-08-16 02:00:23,50.4020138,8.7317778,summer_rest,false,true,,Central European breeding region,,observed,true,2016-08-16,2016-08-16,0
individual_3339_2016_2017,2,2016,3339,2016-08-17,77,2016-08-17 02:00:23,50.385755,8.721467,summer_rest,false,true,,Central European breeding region,,observed,true,2016-08-17,2016-08-17,0
individual_3339_2016_2017,2,2016,3339,2016-08-18,78,2016-08-18 02:00:23,50.4244978,8.6904354,summer_rest,false,true,,Central European breeding region,,observed,true,2016-08-18,2016-08-18,0
individual_3339_2016_2017,2,2016,3339,2016-08-19,79,2016-08-19 02:00:23,50.4277307,8.691756,summer_rest,false,true,,Central European breeding region,,observed,true,2016-08-19,2016-08-19,0
individual_3339_2016_2017,2,2016,3339,2016-08-20,80,2016-08-20 02:00:23,50.4245384,8.6899154,summer_rest,false,true,,Central European breeding region,,observed,true,2016-08-20,2016-08-20,0
individual_3339_2016_2017,2,2016,3339,2016-08-21,81,2016-08-21 02:00:23,50.4304018,8.6799028,summer_rest,false,true,,Central European breeding region,,observed,true,2016-08-21,2016-08-21,0
individual_3339_2016_2017,2,2016,3339,2016-08-22,82,2016-08-22 02:00:23,50.4157989,8.6886089,summer_rest,false,true,,Central European breeding region,,observed,true,2016-08-22,2016-08-22,0
individual_3339_2016_2017,2,2016,3339,2016-08-23,83,2016-08-23 02:00:23,50.4149456,8.6896564,summer_rest,false,true,,Central European breeding region,,observed,true,2016-08-23,2016-08-23,0
individual_3339_2016_2017,2,2016,3339,2016-08-24,84,2016-08-24 02:00:23,50.4149503,8.6896382,summer_rest,false,true,,Central European breeding region,,observed,true,2016-08-24,2016-08-24,0
individual_3339_2016_2017,2,2016,3339,2016-08-25,85,2016-08-25 02:00:23,50.4306909,8.6888008,summer_rest,false,true,,Central European breeding region,,observed,true,2016-08-25,2016-08-25,0
individual_3339_2016_2017,2,2016,3339,2016-08-26,86,2016-08-26 02:00:23,49.9313209,8.4080783,summer_rest,false,true,,Central European breeding region,,observed,true,2016-08-26,2016-08-26,0
individual_3339_2016_2017,2,2016,3339,2016-08-27,87,2016-08-27 02:00:23,48.9172651,8.1299299,autumn_migration,true,false,autumn_departure,,Morocco,observed,true,2016-08-27,2016-08-27,0
individual_3339_2016_2017,2,2016,3339,2016-08-28,88,2016-08-28 02:00:23,47.5136336,6.8170432,autumn_migration,true,false,,,Morocco,observed,true,2016-08-28,2016-08-28,0
individual_3339_2016_2017,2,2016,3339,2016-08-29,89,2016-08-29 02:00:23,46.9563325,5.7094516,autumn_migration,true,false,,,Morocco,observed,true,2016-08-29,2016-08-29,0
individual_3339_2016_2017,2,2016,3339,2016-08-30,90,2016-08-30 02:00:23,45.9714062,5.0413965,autumn_migration,true,false,,,Morocco,observed,true,2016-08-30,2016-08-30,0
individual_3339_2016_2017,2,2016,3339,2016-08-31,91,2016-08-31 02:00:23,43.1079835,3.0533474,autumn_migration,true,false,,,Morocco,observed,true,2016-08-31,2016-08-31,0
individual_3339_2016_2017,2,2016,3339,2016-09-01,92,2016-09-01 02:00:23,41.7922847,1.0739089,autumn_migration,true,false,,,Morocco,observed,true,2016-09-01,2016-09-01,0
individual_3339_2016_2017,2,2016,3339,2016-09-02,93,2016-09-02 02:00:23,41.257261,-1.4914272,autumn_migration,true,false,,,Morocco,observed,true,2016-09-02,2016-09-02,0
individual_3339_2016_2017,2,2016,3339,2016-09-03,94,2016-09-03 02:00:23,39.6131722,-3.2159687,autumn_migration,true,false,,,Morocco,observed,true,2016-09-03,2016-09-03,0
individual_3339_2016_2017,2,2016,3339,2016-09-04,95,2016-09-04 02:00:23,39.482279,-3.2883304,autumn_migration,true,false,,,Morocco,observed,true,2016-09-04,2016-09-04,0
individual_3339_2016_2017,2,2016,3339,2016-09-05,96,2016-09-05 02:00:23,39.1506144,-3.7047679,autumn_migration,true,false,,,Morocco,observed,true,2016-09-05,2016-09-05,0
individual_3339_2016_2017,2,2016,3339,2016-09-06,97,2016-09-06 02:00:23,38.9206723,-3.6798145,autumn_migration,true,false,,,Morocco,observed,true,2016-09-06,2016-09-06,0
individual_3339_2016_2017,2,2016,3339,2016-09-07,98,2016-09-07 02:00:23,38.8562753,-3.6570617,autumn_migration,true,false,,,Morocco,observed,true,2016-09-07,2016-09-07,0
individual_3339_2016_2017,2,2016,3339,2016-09-08,99,2016-09-08 02:00:23,38.8562258,-3.6571527,autumn_migration,true,false,,,Morocco,observed,true,2016-09-08,2016-09-08,0
individual_3339_2016_2017,2,2016,3339,2016-09-09,100,2016-09-09 02:00:23,38.8561933,-3.6571703,autumn_migration,true,false,,,Morocco,observed,true,2016-09-09,2016-09-09,0
individual_3339_2016_2017,2,2016,3339,2016-09-10,101,2016-09-10 02:00:23,38.8561998,-3.6571718,autumn_migration,true,false,,,Morocco,observed,true,2016-09-10,2016-09-10,0
individual_3339_2016_2017,2,2016,3339,2016-09-11,102,2016-09-11 02:00:23,38.8561295,-3.6571733,autumn_migration,true,false,,,Morocco,observed,true,2016-09-11,2016-09-11,0
individual_3339_2016_2017,2,2016,3339,2016-09-12,103,2016-09-12 02:00:23,37.8144558,-4.748194,autumn_migration,true,false,,,Morocco,observed,true,2016-09-12,2016-09-12,0
individual_3339_2016_2017,2,2016,3339,2016-09-13,104,2016-09-13 02:00:23,37.236973,-5.3674551,autumn_migration,true,false,,,Morocco,observed,true,2016-09-13,2016-09-13,0
individual_3339_2016_2017,2,2016,3339,2016-09-14,105,2016-09-14 02:00:23,37.2322767,-5.3720603,autumn_migration,true,false,,,Morocco,observed,true,2016-09-14,2016-09-14,0
individual_3339_2016_2017,2,2016,3339,2016-09-15,106,2016-09-15 02:00:23,34.1276833,-5.6073123,winter_rest,false,true,autumn_arrival,Morocco,Morocco,observed,true,2016-09-15,2016-09-15,0
individual_3339_2016_2017,2,2016,3339,2016-09-16,107,2016-09-16 02:00:23,33.8862532,-5.5588368,winter_rest,false,true,,Morocco,Morocco,observed,true,2016-09-16,2016-09-16,0
individual_3339_2016_2017,2,2016,3339,2016-09-17,108,2016-09-17 02:00:23,33.8858526,-5.558611,winter_rest,false,true,,Morocco,Morocco,observed,true,2016-09-17,2016-09-17,0
individual_3339_2016_2017,2,2016,3339,2016-09-18,109,2016-09-18 02:00:23,33.8860163,-5.5589943,winter_rest,false,true,,Morocco,Morocco,observed,true,2016-09-18,2016-09-18,0
individual_3339_2016_2017,2,2016,3339,2016-09-19,110,2016-09-19 02:00:23,33.8860023,-5.5589821,winter_rest,false,true,,Morocco,Morocco,observed,true,2016-09-19,2016-09-19,0
individual_3339_2016_2017,2,2016,3339,2016-09-20,111,2016-09-20 02:00:23,33.8860295,-5.5589684,winter_rest,false,true,,Morocco,Morocco,observed,true,2016-09-20,2016-09-20,0
individual_3339_2016_2017,2,2016,3339,2016-09-21,112,2016-09-21 02:00:23,33.8860168,-5.558973,winter_rest,false,true,,Morocco,Morocco,observed,true,2016-09-21,2016-09-21,0
individual_3339_2016_2017,2,2016,3339,2016-09-22,113,2016-09-22 02:00:23,33.8860128,-5.5589823,winter_rest,false,true,,Morocco,Morocco,observed,true,2016-09-22,2016-09-22,0
individual_3339_2016_2017,2,2016,3339,2016-09-23,114,2016-09-23 02:00:23,33.8854256,-5.5584457,winter_rest,false,true,,Morocco,Morocco,observed,true,2016-09-23,2016-09-23,0
individual_3339_2016_2017,2,2016,3339,2016-09-24,115,2016-09-24 02:00:23,33.8859935,-5.5589775,winter_rest,false,true,,Morocco,Morocco,observed,true,2016-09-24,2016-09-24,0
individual_3339_2016_2017,2,2016,3339,2016-09-25,116,2016-09-25 02:00:23,33.8860139,-5.5590185,winter_rest,false,true,,Morocco,Morocco,observed,true,2016-09-25,2016-09-25,0
individual_3339_2016_2017,2,2016,3339,2016-09-26,117,2016-09-26 02:00:23,33.8859876,-5.5590141,winter_rest,false,true,,Morocco,Morocco,observed,true,2016-09-26,2016-09-26,0
individual_3339_2016_2017,2,2016,3339,2016-09-27,118,2016-09-27 02:00:23,33.8859979,-5.559012,winter_rest,false,true,,Morocco,Morocco,observed,true,2016-09-27,2016-09-27,0
individual_3339_2016_2017,2,2016,3339,2016-09-28,119,2016-09-28 02:00:23,33.8859838,-5.5590105,winter_rest,false,true,,Morocco,Morocco,observed,true,2016-09-28,2016-09-28,0
individual_3339_2016_2017,2,2016,3339,2016-09-29,120,2016-09-29 02:00:23,33.8864648,-5.5582544,winter_rest,false,true,,Morocco,Morocco,observed,true,2016-09-29,2016-09-29,0
individual_3339_2016_2017,2,2016,3339,2016-09-30,121,2016-09-30 02:00:23,33.8859928,-5.5590176,winter_rest,false,true,,Morocco,Morocco,observed,true,2016-09-30,2016-09-30,0
individual_3339_2016_2017,2,2016,3339,2016-10-01,122,2016-10-01 02:00:23,33.8859863,-5.5590031,winter_rest,false,true,,Morocco,Morocco,observed,true,2016-10-01,2016-10-01,0
individual_3339_2016_2017,2,2016,3339,2016-10-02,123,2016-10-02 02:00:23,33.8863735,-5.5588175,winter_rest,false,true,,Morocco,Morocco,observed,true,2016-10-02,2016-10-02,0
individual_3339_2016_2017,2,2016,3339,2016-10-03,124,2016-10-03 02:00:23,33.8854332,-5.5584629,winter_rest,false,true,,Morocco,Morocco,observed,true,2016-10-03,2016-10-03,0
individual_3339_2016_2017,2,2016,3339,2016-10-04,125,2016-10-04 02:00:23,33.8854277,-5.5584442,winter_rest,false,true,,Morocco,Morocco,observed,true,2016-10-04,2016-10-04,0
individual_3339_2016_2017,2,2016,3339,2016-10-05,126,2016-10-05 02:00:23,33.8858957,-5.5590602,winter_rest,false,true,,Morocco,Morocco,observed,true,2016-10-05,2016-10-05,0
individual_3339_2016_2017,2,2016,3339,2016-10-06,127,2016-10-06 02:00:23,33.8853609,-5.5583382,winter_rest,false,true,,Morocco,Morocco,observed,true,2016-10-06,2016-10-06,0
individual_3339_2016_2017,2,2016,3339,2016-10-07,128,2016-10-07 02:00:23,33.8857407,-5.5593695,winter_rest,false,true,,Morocco,Morocco,observed,true,2016-10-07,2016-10-07,0
individual_3339_2016_2017,2,2016,3339,2016-10-08,129,2016-10-08 02:00:23,33.8881175,-5.5577667,winter_rest,false,true,,Morocco,Morocco,observed,true,2016-10-08,2016-10-08,0
individual_3339_2016_2017,2,2016,3339,2016-10-09,130,2016-10-09 02:00:23,33.8877527,-5.5583656,winter_rest,false,true,,Morocco,Morocco,observed,true,2016-10-09,2016-10-09,0
individual_3339_2016_2017,2,2016,3339,2016-10-10,131,2016-10-10 02:00:23,33.8859775,-5.559006,winter_rest,false,true,,Morocco,Morocco,observed,true,2016-10-10,2016-10-10,0
individual_3339_2016_2017,2,2016,3339,2016-10-11,132,2016-10-11 02:00:23,33.8859765,-5.5589895,winter_rest,false,true,,Morocco,Morocco,observed,true,2016-10-11,2016-10-11,0
individual_3339_2016_2017,2,2016,3339,2016-10-12,133,2016-10-12 02:00:23,33.8860587,-5.5572328,winter_rest,false,true,,Morocco,Morocco,observed,true,2016-10-12,2016-10-12,0
individual_3339_2016_2017,2,2016,3339,2016-10-13,134,2016-10-13 02:00:23,33.8859967,-5.5589929,winter_rest,false,true,,Morocco,Morocco,observed,true,2016-10-13,2016-10-13,0
individual_3339_2016_2017,2,2016,3339,2016-10-14,135,2016-10-14 02:00:23,33.8861012,-5.5589136,winter_rest,false,true,,Morocco,Morocco,observed,true,2016-10-14,2016-10-14,0
individual_3339_2016_2017,2,2016,3339,2016-10-15,136,2016-10-15 02:00:23,33.8859965,-5.5590031,winter_rest,false,true,,Morocco,Morocco,observed,true,2016-10-15,2016-10-15,0
individual_3339_2016_2017,2,2016,3339,2016-10-16,137,2016-10-16 02:00:23,33.8859506,-5.5590122,winter_rest,false,true,,Morocco,Morocco,observed,true,2016-10-16,2016-10-16,0
individual_3339_2016_2017,2,2016,3339,2016-10-17,138,2016-10-17 02:00:23,33.8859989,-5.558992,winter_rest,false,true,,Morocco,Morocco,observed,true,2016-10-17,2016-10-17,0
individual_3339_2016_2017,2,2016,3339,2016-10-18,139,2016-10-18 02:00:23,33.8888935,-5.5598879,winter_rest,false,true,,Morocco,Morocco,observed,true,2016-10-18,2016-10-18,0
individual_3339_2016_2017,2,2016,3339,2016-10-19,140,2016-10-19 02:00:23,33.8859598,-5.5572551,winter_rest,false,true,,Morocco,Morocco,observed,true,2016-10-19,2016-10-19,0
individual_3339_2016_2017,2,2016,3339,2016-10-20,141,2016-10-20 02:00:23,33.8853737,-5.5583529,winter_rest,false,true,,Morocco,Morocco,observed,true,2016-10-20,2016-10-20,0
individual_3339_2016_2017,2,2016,3339,2016-10-21,142,2016-10-21 02:00:23,33.8861016,-5.5586396,winter_rest,false,true,,Morocco,Morocco,observed,true,2016-10-21,2016-10-21,0
individual_3339_2016_2017,2,2016,3339,2016-10-22,143,2016-10-22 02:00:23,33.8858432,-5.5587978,winter_rest,false,true,,Morocco,Morocco,observed,true,2016-10-22,2016-10-22,0
individual_3339_2016_2017,2,2016,3339,2016-10-23,144,2016-10-23 02:00:23,33.8854423,-5.5584327,winter_rest,false,true,,Morocco,Morocco,observed,true,2016-10-23,2016-10-23,0
individual_3339_2016_2017,2,2016,3339,2016-10-24,145,2016-10-24 02:00:23,33.885464,-5.5584157,winter_rest,false,true,,Morocco,Morocco,observed,true,2016-10-24,2016-10-24,0
individual_3339_2016_2017,2,2016,3339,2016-10-25,146,2016-10-25 02:00:23,33.8859431,-5.5590224,winter_rest,false,true,,Morocco,Morocco,observed,true,2016-10-25,2016-10-25,0
individual_3339_2016_2017,2,2016,3339,2016-10-26,147,2016-10-26 02:00:23,33.8858855,-5.559075,winter_rest,false,true,,Morocco,Morocco,observed,true,2016-10-26,2016-10-26,0
individual_3339_2016_2017,2,2016,3339,2016-10-27,148,2016-10-27 02:00:23,33.8862481,-5.5584941,winter_rest,false,true,,Morocco,Morocco,observed,true,2016-10-27,2016-10-27,0
individual_3339_2016_2017,2,2016,3339,2016-10-28,149,2016-10-28 02:00:23,33.8859416,-5.5590039,winter_rest,false,true,,Morocco,Morocco,observed,true,2016-10-28,2016-10-28,0
individual_3339_2016_2017,2,2016,3339,2016-10-29,150,2016-10-29 02:00:23,33.8859807,-5.558986,winter_rest,false,true,,Morocco,Morocco,observed,true,2016-10-29,2016-10-29,0
individual_3339_2016_2017,2,2016,3339,2016-10-30,151,2016-10-30 02:00:23,33.8859787,-5.5590065,winter_rest,false,true,,Morocco,Morocco,observed,true,2016-10-30,2016-10-30,0
individual_3339_2016_2017,2,2016,3339,2016-10-31,152,2016-10-31 02:00:23,33.8860008,-5.5590051,winter_rest,false,true,,Morocco,Morocco,observed,true,2016-10-31,2016-10-31,0
individual_3339_2016_2017,2,2016,3339,2016-11-01,153,2016-11-01 02:00:23,33.8859998,-5.5589947,winter_rest,false,true,,Morocco,Morocco,observed,true,2016-11-01,2016-11-01,0
individual_3339_2016_2017,2,2016,3339,2016-11-02,154,2016-11-02 02:00:23,33.886034,-5.5589856,winter_rest,false,true,,Morocco,Morocco,observed,true,2016-11-02,2016-11-02,0
individual_3339_2016_2017,2,2016,3339,2016-11-03,155,2016-11-03 02:00:23,33.8860045,-5.5589992,winter_rest,false,true,,Morocco,Morocco,observed,true,2016-11-03,2016-11-03,0
individual_3339_2016_2017,2,2016,3339,2016-11-04,156,2016-11-04 02:00:23,33.8859874,-5.5590004,winter_rest,false,true,,Morocco,Morocco,observed,true,2016-11-04,2016-11-04,0
individual_3339_2016_2017,2,2016,3339,2016-11-05,157,2016-11-05 02:00:23,33.8860127,-5.5589931,winter_rest,false,true,,Morocco,Morocco,observed,true,2016-11-05,2016-11-05,0
individual_3339_2016_2017,2,2016,3339,2016-11-06,158,2016-11-06 02:00:23,33.8860083,-5.5589645,winter_rest,false,true,,Morocco,Morocco,observed,true,2016-11-06,2016-11-06,0
individual_3339_2016_2017,2,2016,3339,2016-11-07,159,2016-11-07 02:00:23,33.8859991,-5.5589934,winter_rest,false,true,,Morocco,Morocco,observed,true,2016-11-07,2016-11-07,0
individual_3339_2016_2017,2,2016,3339,2016-11-08,160,2016-11-08 02:00:23,33.8859994,-5.5589867,winter_rest,false,true,,Morocco,Morocco,observed,true,2016-11-08,2016-11-08,0
individual_3339_2016_2017,2,2016,3339,2016-11-09,161,2016-11-09 02:00:23,33.8860023,-5.5589805,winter_rest,false,true,,Morocco,Morocco,observed,true,2016-11-09,2016-11-09,0
individual_3339_2016_2017,2,2016,3339,2016-11-10,162,2016-11-10 02:00:23,33.8859826,-5.5589937,winter_rest,false,true,,Morocco,Morocco,observed,true,2016-11-10,2016-11-10,0
individual_3339_2016_2017,2,2016,3339,2016-11-11,163,2016-11-11 02:00:23,33.8859888,-5.55898,winter_rest,false,true,,Morocco,Morocco,observed,true,2016-11-11,2016-11-11,0
individual_3339_2016_2017,2,2016,3339,2016-11-12,164,2016-11-12 02:00:23,33.8859784,-5.5589972,winter_rest,false,true,,Morocco,Morocco,observed,true,2016-11-12,2016-11-12,0
individual_3339_2016_2017,2,2016,3339,2016-11-13,165,2016-11-13 02:00:23,33.8860189,-5.5589898,winter_rest,false,true,,Morocco,Morocco,observed,true,2016-11-13,2016-11-13,0
individual_3339_2016_2017,2,2016,3339,2016-11-14,166,2016-11-14 02:00:23,33.8859952,-5.5589934,winter_rest,false,true,,Morocco,Morocco,observed,true,2016-11-14,2016-11-14,0
individual_3339_2016_2017,2,2016,3339,2016-11-15,167,2016-11-15 02:00:23,33.8859957,-5.5589903,winter_rest,false,true,,Morocco,Morocco,observed,true,2016-11-15,2016-11-15,0
individual_3339_2016_2017,2,2016,3339,2016-11-16,168,2016-11-16 02:00:23,33.8859869,-5.5589945,winter_rest,false,true,,Morocco,Morocco,observed,true,2016-11-16,2016-11-16,0
individual_3339_2016_2017,2,2016,3339,2016-11-17,169,2016-11-17 02:00:23,33.8860039,-5.5589975,winter_rest,false,true,,Morocco,Morocco,observed,true,2016-11-17,2016-11-17,0
individual_3339_2016_2017,2,2016,3339,2016-11-18,170,2016-11-18 02:00:23,33.885997,-5.5590103,winter_rest,false,true,,Morocco,Morocco,observed,true,2016-11-18,2016-11-18,0
individual_3339_2016_2017,2,2016,3339,2016-11-19,171,2016-11-19 02:00:23,33.8860061,-5.55898,winter_rest,false,true,,Morocco,Morocco,observed,true,2016-11-19,2016-11-19,0
individual_3339_2016_2017,2,2016,3339,2016-11-20,172,2016-11-20 02:00:23,33.8859939,-5.5589892,winter_rest,false,true,,Morocco,Morocco,observed,true,2016-11-20,2016-11-20,0
individual_3339_2016_2017,2,2016,3339,2016-11-21,173,2016-11-21 02:00:23,33.8860041,-5.5589836,winter_rest,false,true,,Morocco,Morocco,observed,true,2016-11-21,2016-11-21,0
individual_3339_2016_2017,2,2016,3339,2016-11-22,174,2016-11-22 02:00:23,33.8860227,-5.5590006,winter_rest,false,true,,Morocco,Morocco,observed,true,2016-11-22,2016-11-22,0
individual_3339_2016_2017,2,2016,3339,2016-11-23,175,2016-11-23 02:00:23,33.8860338,-5.5589868,winter_rest,false,true,,Morocco,Morocco,observed,true,2016-11-23,2016-11-23,0
individual_3339_2016_2017,2,2016,3339,2016-11-24,176,2016-11-24 02:00:23,33.885998,-5.5589969,winter_rest,false,true,,Morocco,Morocco,observed,true,2016-11-24,2016-11-24,0
individual_3339_2016_2017,2,2016,3339,2016-11-25,177,2016-11-25 02:00:23,33.8860295,-5.5590195,winter_rest,false,true,,Morocco,Morocco,observed,true,2016-11-25,2016-11-25,0
individual_3339_2016_2017,2,2016,3339,2016-11-26,178,2016-11-26 02:00:23,33.8860017,-5.5589795,winter_rest,false,true,,Morocco,Morocco,observed,true,2016-11-26,2016-11-26,0
individual_3339_2016_2017,2,2016,3339,2016-11-27,179,2016-11-27 02:00:23,33.8859983,-5.5589892,winter_rest,false,true,,Morocco,Morocco,observed,true,2016-11-27,2016-11-27,0
individual_3339_2016_2017,2,2016,3339,2016-11-28,180,2016-11-28 02:00:23,33.886015,-5.558975,winter_rest,false,true,,Morocco,Morocco,observed,true,2016-11-28,2016-11-28,0
individual_3339_2016_2017,2,2016,3339,2016-11-29,181,2016-11-29 02:00:23,33.8859992,-5.5589787,winter_rest,false,true,,Morocco,Morocco,observed,true,2016-11-29,2016-11-29,0
individual_3339_2016_2017,2,2016,3339,2016-11-30,182,2016-11-30 02:00:23,33.8859932,-5.5590061,winter_rest,false,true,,Morocco,Morocco,observed,true,2016-11-30,2016-11-30,0
individual_3339_2016_2017,2,2016,3339,2016-12-01,183,2016-12-01 02:00:23,33.8859835,-5.559006,winter_rest,false,true,,Morocco,Morocco,observed,true,2016-12-01,2016-12-01,0
individual_3339_2016_2017,2,2016,3339,2016-12-02,184,2016-12-02 02:00:23,33.886019,-5.558988,winter_rest,false,true,,Morocco,Morocco,observed,true,2016-12-02,2016-12-02,0
individual_3339_2016_2017,2,2016,3339,2016-12-03,185,2016-12-03 02:00:23,33.8859739,-5.5590032,winter_rest,false,true,,Morocco,Morocco,observed,true,2016-12-03,2016-12-03,0
individual_3339_2016_2017,2,2016,3339,2016-12-04,186,2016-12-04 02:00:23,33.88599,-5.5590111,winter_rest,false,true,,Morocco,Morocco,observed,true,2016-12-04,2016-12-04,0
individual_3339_2016_2017,2,2016,3339,2016-12-05,187,2016-12-05 02:00:23,33.8860297,-5.5590002,winter_rest,false,true,,Morocco,Morocco,observed,true,2016-12-05,2016-12-05,0
individual_3339_2016_2017,2,2016,3339,2016-12-06,188,2016-12-06 02:00:23,33.8859963,-5.5590009,winter_rest,false,true,,Morocco,Morocco,observed,true,2016-12-06,2016-12-06,0
individual_3339_2016_2017,2,2016,3339,2016-12-07,189,2016-12-07 02:00:23,33.8860056,-5.559008,winter_rest,false,true,,Morocco,Morocco,observed,true,2016-12-07,2016-12-07,0
individual_3339_2016_2017,2,2016,3339,2016-12-08,190,2016-12-08 02:00:23,33.8859759,-5.5590054,winter_rest,false,true,,Morocco,Morocco,observed,true,2016-12-08,2016-12-08,0
individual_3339_2016_2017,2,2016,3339,2016-12-09,191,2016-12-09 02:00:23,33.8859829,-5.5590215,winter_rest,false,true,,Morocco,Morocco,observed,true,2016-12-09,2016-12-09,0
individual_3339_2016_2017,2,2016,3339,2016-12-10,192,2016-12-10 02:00:23,33.8860028,-5.5589982,winter_rest,false,true,,Morocco,Morocco,observed,true,2016-12-10,2016-12-10,0
individual_3339_2016_2017,2,2016,3339,2016-12-11,193,2016-12-11 02:00:23,33.8860126,-5.5589841,winter_rest,false,true,,Morocco,Morocco,observed,true,2016-12-11,2016-12-11,0
individual_3339_2016_2017,2,2016,3339,2016-12-12,194,2016-12-12 02:00:23,33.8860303,-5.5590005,winter_rest,false,true,,Morocco,Morocco,observed,true,2016-12-12,2016-12-12,0
individual_3339_2016_2017,2,2016,3339,2016-12-13,195,2016-12-13 02:00:23,33.8860048,-5.5589757,winter_rest,false,true,,Morocco,Morocco,observed,true,2016-12-13,2016-12-13,0
individual_3339_2016_2017,2,2016,3339,2016-12-14,196,2016-12-14 02:00:23,33.8860021,-5.5589953,winter_rest,false,true,,Morocco,Morocco,observed,true,2016-12-14,2016-12-14,0
individual_3339_2016_2017,2,2016,3339,2016-12-15,197,2016-12-15 02:00:23,33.8859855,-5.5589905,winter_rest,false,true,,Morocco,Morocco,observed,true,2016-12-15,2016-12-15,0
individual_3339_2016_2017,2,2016,3339,2016-12-16,198,2016-12-16 02:00:23,33.8860073,-5.5590016,winter_rest,false,true,,Morocco,Morocco,observed,true,2016-12-16,2016-12-16,0
individual_3339_2016_2017,2,2016,3339,2016-12-17,199,2016-12-17 02:00:23,33.886032,-5.5589722,winter_rest,false,true,,Morocco,Morocco,observed,true,2016-12-17,2016-12-17,0
individual_3339_2016_2017,2,2016,3339,2016-12-18,200,2016-12-18 02:00:23,33.8860244,-5.5589545,winter_rest,false,true,,Morocco,Morocco,observed,true,2016-12-18,2016-12-18,0
individual_3339_2016_2017,2,2016,3339,2016-12-19,201,2016-12-19 02:00:23,33.8859995,-5.5590002,winter_rest,false,true,,Morocco,Morocco,observed,true,2016-12-19,2016-12-19,0
individual_3339_2016_2017,2,2016,3339,2016-12-20,202,2016-12-20 02:00:23,33.8859978,-5.5589955,winter_rest,false,true,,Morocco,Morocco,observed,true,2016-12-20,2016-12-20,0
individual_3339_2016_2017,2,2016,3339,2016-12-21,203,2016-12-21 02:00:23,33.8859814,-5.5590172,winter_rest,false,true,,Morocco,Morocco,observed,true,2016-12-21,2016-12-21,0
individual_3339_2016_2017,2,2016,3339,2016-12-22,204,2016-12-22 02:00:23,33.8859467,-5.5590022,winter_rest,false,true,,Morocco,Morocco,observed,true,2016-12-22,2016-12-22,0
individual_3339_2016_2017,2,2016,3339,2016-12-23,205,2016-12-23 02:00:23,33.8859609,-5.5590052,winter_rest,false,true,,Morocco,Morocco,observed,true,2016-12-23,2016-12-23,0
individual_3339_2016_2017,2,2016,3339,2016-12-24,206,2016-12-24 02:00:23,33.8859549,-5.558977,winter_rest,false,true,,Morocco,Morocco,observed,true,2016-12-24,2016-12-24,0
individual_3339_2016_2017,2,2016,3339,2016-12-25,207,2016-12-25 02:00:23,33.885986,-5.5590041,winter_rest,false,true,,Morocco,Morocco,observed,true,2016-12-25,2016-12-25,0
individual_3339_2016_2017,2,2016,3339,2016-12-26,208,2016-12-26 02:00:23,33.8859927,-5.5589937,winter_rest,false,true,,Morocco,Morocco,observed,true,2016-12-26,2016-12-26,0
individual_3339_2016_2017,2,2016,3339,2016-12-27,209,2016-12-27 02:00:23,33.8849879,-5.5572683,winter_rest,false,true,,Morocco,Morocco,observed,true,2016-12-27,2016-12-27,0
individual_3339_2016_2017,2,2016,3339,2016-12-28,210,2016-12-28 02:00:23,33.8859977,-5.5589976,winter_rest,false,true,,Morocco,Morocco,observed,true,2016-12-28,2016-12-28,0
individual_3339_2016_2017,2,2016,3339,2016-12-29,211,2016-12-29 02:00:23,33.885964,-5.5590027,winter_rest,false,true,,Morocco,Morocco,observed,true,2016-12-29,2016-12-29,0
individual_3339_2016_2017,2,2016,3339,2016-12-30,212,2016-12-30 02:00:23,33.8859484,-5.5590273,winter_rest,false,true,,Morocco,Morocco,observed,true,2016-12-30,2016-12-30,0
individual_3339_2016_2017,2,2016,3339,2016-12-31,213,2016-12-31 02:00:23,33.8859891,-5.5590111,winter_rest,false,true,,Morocco,Morocco,observed,true,2016-12-31,2016-12-31,0
individual_3339_2016_2017,2,2016,3339,2017-01-01,214,2017-01-01 02:00:23,33.8859819,-5.558957,winter_rest,false,true,,Morocco,Morocco,observed,true,2017-01-01,2017-01-01,0
individual_3339_2016_2017,2,2016,3339,2017-01-02,215,2017-01-02 02:00:23,33.8859775,-5.5589916,winter_rest,false,true,,Morocco,Morocco,observed,true,2017-01-02,2017-01-02,0
individual_3339_2016_2017,2,2016,3339,2017-01-03,216,2017-01-03 02:00:23,33.8859755,-5.5589965,winter_rest,false,true,,Morocco,Morocco,observed,true,2017-01-03,2017-01-03,0
individual_3339_2016_2017,2,2016,3339,2017-01-04,217,2017-01-04 02:00:23,33.8861015,-5.5589416,winter_rest,false,true,,Morocco,Morocco,observed,true,2017-01-04,2017-01-04,0
individual_3339_2016_2017,2,2016,3339,2017-01-05,218,2017-01-05 02:00:23,33.8859711,-5.5589869,winter_rest,false,true,,Morocco,Morocco,observed,true,2017-01-05,2017-01-05,0
individual_3339_2016_2017,2,2016,3339,2017-01-06,219,2017-01-06 02:00:23,33.8859503,-5.5590315,winter_rest,false,true,,Morocco,Morocco,observed,true,2017-01-06,2017-01-06,0
individual_3339_2016_2017,2,2016,3339,2017-01-07,220,2017-01-07 02:00:23,33.8860008,-5.5590009,winter_rest,false,true,,Morocco,Morocco,observed,true,2017-01-07,2017-01-07,0
individual_3339_2016_2017,2,2016,3339,2017-01-08,221,2017-01-08 02:00:23,33.8859914,-5.5589956,winter_rest,false,true,,Morocco,Morocco,observed,true,2017-01-08,2017-01-08,0
individual_3339_2016_2017,2,2016,3339,2017-01-09,222,2017-01-09 02:00:23,33.8860077,-5.5589885,winter_rest,false,true,,Morocco,Morocco,observed,true,2017-01-09,2017-01-09,0
individual_3339_2016_2017,2,2016,3339,2017-01-10,223,2017-01-10 02:00:23,33.8860093,-5.5589882,winter_rest,false,true,,Morocco,Morocco,observed,true,2017-01-10,2017-01-10,0
individual_3339_2016_2017,2,2016,3339,2017-01-11,224,2017-01-11 02:00:23,33.8859667,-5.5590141,winter_rest,false,true,,Morocco,Morocco,observed,true,2017-01-11,2017-01-11,0
individual_3339_2016_2017,2,2016,3339,2017-01-12,225,2017-01-12 02:00:23,33.8859911,-5.5590157,winter_rest,false,true,,Morocco,Morocco,observed,true,2017-01-12,2017-01-12,0
individual_3339_2016_2017,2,2016,3339,2017-01-13,226,2017-01-13 02:00:23,33.8859779,-5.5590303,winter_rest,false,true,,Morocco,Morocco,observed,true,2017-01-13,2017-01-13,0
individual_3339_2016_2017,2,2016,3339,2017-01-14,227,2017-01-14 02:00:23,33.886003,-5.5590023,winter_rest,false,true,,Morocco,Morocco,observed,true,2017-01-14,2017-01-14,0
individual_3339_2016_2017,2,2016,3339,2017-01-15,228,2017-01-15 02:00:23,33.8859668,-5.5590131,winter_rest,false,true,,Morocco,Morocco,observed,true,2017-01-15,2017-01-15,0
individual_3339_2016_2017,2,2016,3339,2017-01-16,229,2017-01-16 02:00:23,33.8859186,-5.559035,winter_rest,false,true,,Morocco,Morocco,observed,true,2017-01-16,2017-01-16,0
individual_3339_2016_2017,2,2016,3339,2017-01-17,230,2017-01-17 02:00:23,33.8859684,-5.5590104,winter_rest,false,true,,Morocco,Morocco,observed,true,2017-01-17,2017-01-17,0
individual_3339_2016_2017,2,2016,3339,2017-01-18,231,2017-01-18 02:00:23,33.8859165,-5.5590081,winter_rest,false,true,,Morocco,Morocco,observed,true,2017-01-18,2017-01-18,0
individual_3339_2016_2017,2,2016,3339,2017-01-19,232,2017-01-19 02:00:23,33.8859915,-5.5589901,winter_rest,false,true,,Morocco,Morocco,observed,true,2017-01-19,2017-01-19,0
individual_3339_2016_2017,2,2016,3339,2017-01-20,233,2017-01-20 02:00:23,33.8860144,-5.5589935,winter_rest,false,true,,Morocco,Morocco,observed,true,2017-01-20,2017-01-20,0
individual_3339_2016_2017,2,2016,3339,2017-01-21,234,2017-01-21 02:00:23,33.8860011,-5.5590011,winter_rest,false,true,,Morocco,Morocco,observed,true,2017-01-21,2017-01-21,0
individual_3339_2016_2017,2,2016,3339,2017-01-22,235,2017-01-22 02:00:23,33.8859844,-5.558979,winter_rest,false,true,,Morocco,Morocco,observed,true,2017-01-22,2017-01-22,0
individual_3339_2016_2017,2,2016,3339,2017-01-23,236,2017-01-23 02:00:23,33.8859777,-5.5589857,winter_rest,false,true,,Morocco,Morocco,observed,true,2017-01-23,2017-01-23,0
individual_3339_2016_2017,2,2016,3339,2017-01-24,237,2017-01-24 02:00:23,33.8859772,-5.5589992,winter_rest,false,true,,Morocco,Morocco,observed,true,2017-01-24,2017-01-24,0
individual_3339_2016_2017,2,2016,3339,2017-01-25,238,2017-01-25 02:00:23,33.8859686,-5.5589928,winter_rest,false,true,,Morocco,Morocco,observed,true,2017-01-25,2017-01-25,0
individual_3339_2016_2017,2,2016,3339,2017-01-26,239,2017-01-26 02:00:23,33.8859527,-5.5590111,winter_rest,false,true,,Morocco,Morocco,observed,true,2017-01-26,2017-01-26,0
individual_3339_2016_2017,2,2016,3339,2017-01-27,240,2017-01-27 02:00:23,33.8859789,-5.5589983,winter_rest,false,true,,Morocco,Morocco,observed,true,2017-01-27,2017-01-27,0
individual_3339_2016_2017,2,2016,3339,2017-01-28,241,2017-01-28 02:00:23,33.8859625,-5.558988,winter_rest,false,true,,Morocco,Morocco,observed,true,2017-01-28,2017-01-28,0
individual_3339_2016_2017,2,2016,3339,2017-01-29,242,2017-01-29 02:00:23,33.8860108,-5.5590029,winter_rest,false,true,,Morocco,Morocco,observed,true,2017-01-29,2017-01-29,0
individual_3339_2016_2017,2,2016,3339,2017-01-30,243,2017-01-30 02:00:23,33.8859956,-5.5589875,winter_rest,false,true,,Morocco,Morocco,observed,true,2017-01-30,2017-01-30,0
individual_3339_2016_2017,2,2016,3339,2017-01-31,244,2017-01-31 02:00:23,33.8860021,-5.5590193,winter_rest,false,true,,Morocco,Morocco,observed,true,2017-01-31,2017-01-31,0
individual_3339_2016_2017,2,2016,3339,2017-02-01,245,2017-02-01 02:00:23,33.8859762,-5.5590107,winter_rest,false,true,,Morocco,Morocco,observed,true,2017-02-01,2017-02-01,0
individual_3339_2016_2017,2,2016,3339,2017-02-02,246,2017-02-02 02:00:23,33.8860061,-5.5589794,winter_rest,false,true,,Morocco,Morocco,observed,true,2017-02-02,2017-02-02,0
individual_3339_2016_2017,2,2016,3339,2017-02-03,247,2017-02-03 02:00:23,33.8859753,-5.558987,winter_rest,false,true,,Morocco,Morocco,observed,true,2017-02-03,2017-02-03,0
individual_3339_2016_2017,2,2016,3339,2017-02-04,248,2017-02-04 02:00:23,33.8859687,-5.5589934,winter_rest,false,true,,Morocco,Morocco,observed,true,2017-02-04,2017-02-04,0
individual_3339_2016_2017,2,2016,3339,2017-02-05,249,2017-02-05 02:00:23,33.8860092,-5.5589717,winter_rest,false,true,,Morocco,Morocco,observed,true,2017-02-05,2017-02-05,0
individual_3339_2016_2017,2,2016,3339,2017-02-06,250,2017-02-06 02:00:23,33.8860187,-5.5573592,winter_rest,false,true,,Morocco,Morocco,observed,true,2017-02-06,2017-02-06,0
individual_3339_2016_2017,2,2016,3339,2017-02-07,251,2017-02-07 02:00:23,33.8857481,-5.5593772,winter_rest,false,true,,Morocco,Morocco,observed,true,2017-02-07,2017-02-07,0
individual_3339_2016_2017,2,2016,3339,2017-02-08,252,2017-02-08 02:00:23,33.8858428,-5.5590852,winter_rest,false,true,,Morocco,Morocco,observed,true,2017-02-08,2017-02-08,0
individual_3339_2016_2017,2,2016,3339,2017-02-09,253,2017-02-09 02:00:23,33.8858166,-5.5590517,winter_rest,false,true,,Morocco,Morocco,observed,true,2017-02-09,2017-02-09,0
individual_3339_2016_2017,2,2016,3339,2017-02-10,254,2017-02-10 02:00:23,33.8855286,-5.5587849,winter_rest,false,true,,Morocco,Morocco,observed,true,2017-02-10,2017-02-10,0
individual_3339_2016_2017,2,2016,3339,2017-02-11,255,2017-02-11 02:00:23,33.8858138,-5.5590832,winter_rest,false,true,,Morocco,Morocco,observed,true,2017-02-11,2017-02-11,0
individual_3339_2016_2017,2,2016,3339,2017-02-12,256,2017-02-12 02:00:23,33.885809,-5.559087,winter_rest,false,true,,Morocco,Morocco,observed,true,2017-02-12,2017-02-12,0
individual_3339_2016_2017,2,2016,3339,2017-02-13,257,2017-02-13 02:00:23,33.8858338,-5.5590868,winter_rest,false,true,,Morocco,Morocco,observed,true,2017-02-13,2017-02-13,0
individual_3339_2016_2017,2,2016,3339,2017-02-14,258,2017-02-14 02:00:23,33.8858191,-5.5590587,winter_rest,false,true,,Morocco,Morocco,observed,true,2017-02-14,2017-02-14,0
individual_3339_2016_2017,2,2016,3339,2017-02-15,259,2017-02-15 02:00:23,33.8858226,-5.5590761,winter_rest,false,true,,Morocco,Morocco,observed,true,2017-02-15,2017-02-15,0
individual_3339_2016_2017,2,2016,3339,2017-02-16,260,2017-02-16 02:00:23,33.8858183,-5.5590867,winter_rest,false,true,,Morocco,Morocco,observed,true,2017-02-16,2017-02-16,0
individual_3339_2016_2017,2,2016,3339,2017-02-17,261,2017-02-17 02:00:23,33.8858211,-5.5590918,winter_rest,false,true,,Morocco,Morocco,observed,true,2017-02-17,2017-02-17,0
individual_3339_2016_2017,2,2016,3339,2017-02-18,262,2017-02-18 02:00:23,33.8858146,-5.5590658,winter_rest,false,true,,Morocco,Morocco,observed,true,2017-02-18,2017-02-18,0
individual_3339_2016_2017,2,2016,3339,2017-02-19,263,2017-02-19 02:00:23,33.8856646,-5.5591021,winter_rest,false,true,,Morocco,Morocco,observed,true,2017-02-19,2017-02-19,0
individual_3339_2016_2017,2,2016,3339,2017-02-20,264,2017-02-20 02:00:23,33.8858352,-5.5590857,winter_rest,false,true,,Morocco,Morocco,observed,true,2017-02-20,2017-02-20,0
individual_3339_2016_2017,2,2016,3339,2017-02-21,265,2017-02-21 02:00:23,33.8857825,-5.5590987,winter_rest,false,true,,Morocco,Morocco,observed,true,2017-02-21,2017-02-21,0
individual_3339_2016_2017,2,2016,3339,2017-02-22,266,2017-02-22 02:00:23,33.8857805,-5.559096,winter_rest,false,true,,Morocco,Morocco,observed,true,2017-02-22,2017-02-22,0
individual_3339_2016_2017,2,2016,3339,2017-02-23,267,2017-02-23 02:00:23,33.8858171,-5.5590688,winter_rest,false,true,,Morocco,Morocco,observed,true,2017-02-23,2017-02-23,0
individual_3339_2016_2017,2,2016,3339,2017-02-24,268,2017-02-24 02:00:23,33.8858215,-5.5590981,winter_rest,false,true,,Morocco,Morocco,observed,true,2017-02-24,2017-02-24,0
individual_3339_2016_2017,2,2016,3339,2017-02-25,269,2017-02-25 02:00:23,33.8857866,-5.5591045,winter_rest,false,true,,Morocco,Morocco,observed,true,2017-02-25,2017-02-25,0
individual_3339_2016_2017,2,2016,3339,2017-02-26,270,2017-02-26 02:00:23,33.885778,-5.5590828,winter_rest,false,true,,Morocco,Morocco,observed,true,2017-02-26,2017-02-26,0
individual_3339_2016_2017,2,2016,3339,2017-02-27,271,2017-02-27 02:00:23,33.8858207,-5.5590825,winter_rest,false,true,,Morocco,Morocco,observed,true,2017-02-27,2017-02-27,0
individual_3339_2016_2017,2,2016,3339,2017-02-28,272,2017-02-28 02:00:23,33.8858113,-5.5590826,winter_rest,false,true,,Morocco,Morocco,observed,true,2017-02-28,2017-02-28,0
individual_3339_2016_2017,2,2016,3339,2017-03-01,273,2017-03-01 02:00:23,33.8860838,-5.5602434,winter_rest,false,true,,Morocco,Morocco,observed,true,2017-03-01,2017-03-01,0
individual_3339_2016_2017,2,2016,3339,2017-03-02,274,2017-03-02 02:00:23,33.8857984,-5.5591019,winter_rest,false,true,,Morocco,Morocco,observed,true,2017-03-02,2017-03-02,0
individual_3339_2016_2017,2,2016,3339,2017-03-03,275,2017-03-03 02:00:23,33.8858043,-5.5590686,winter_rest,false,true,,Morocco,Morocco,observed,true,2017-03-03,2017-03-03,0
individual_3339_2016_2017,2,2016,3339,2017-03-04,276,2017-03-04 02:00:23,33.8857566,-5.5593747,winter_rest,false,true,,Morocco,Morocco,observed,true,2017-03-04,2017-03-04,0
individual_3339_2016_2017,2,2016,3339,2017-03-05,277,2017-03-05 02:00:23,33.8858116,-5.5590835,winter_rest,false,true,,Morocco,Morocco,observed,true,2017-03-05,2017-03-05,0
individual_3339_2016_2017,2,2016,3339,2017-03-06,278,2017-03-06 02:00:23,33.8866519,-5.5586166,winter_rest,false,true,,Morocco,Morocco,observed,true,2017-03-06,2017-03-06,0
individual_3339_2016_2017,2,2016,3339,2017-03-07,279,2017-03-07 02:00:23,33.8879401,-5.5612711,winter_rest,false,true,,Morocco,Morocco,observed,true,2017-03-07,2017-03-07,0
individual_3339_2016_2017,2,2016,3339,2017-03-08,280,2017-03-08 02:00:23,35.1622809,-5.9898088,spring_migration,true,false,spring_departure,,Germany,observed,true,2017-03-08,2017-03-08,0
individual_3339_2016_2017,2,2016,3339,2017-03-09,281,2017-03-09 02:00:23,35.6401096,-5.8962051,spring_migration,true,false,,,Germany,observed,true,2017-03-09,2017-03-09,0
individual_3339_2016_2017,2,2016,3339,2017-03-10,282,2017-03-10 02:00:23,36.829895,-6.2053413,spring_migration,true,false,,,Germany,observed,true,2017-03-10,2017-03-10,0
individual_3339_2016_2017,2,2016,3339,2017-03-11,283,2017-03-11 02:00:23,38.857327,-6.1934608,spring_migration,true,false,,,Germany,observed,true,2017-03-11,2017-03-11,0
individual_3339_2016_2017,2,2016,3339,2017-03-12,284,2017-03-12 02:00:23,39.129019,-5.7704394,spring_migration,true,false,,,Germany,observed,true,2017-03-12,2017-03-12,0
individual_3339_2016_2017,2,2016,3339,2017-03-13,285,2017-03-13 02:00:23,40.0179746,-4.654464,spring_migration,true,false,,,Germany,observed,true,2017-03-13,2017-03-13,0
individual_3339_2016_2017,2,2016,3339,2017-03-14,286,2017-03-14 02:00:23,40.0369204,-4.6605729,spring_migration,true,false,,,Germany,observed,true,2017-03-14,2017-03-14,0
individual_3339_2016_2017,2,2016,3339,2017-03-15,287,2017-03-15 02:00:23,40.3834898,-4.242221,spring_migration,true,false,,,Germany,observed,true,2017-03-15,2017-03-15,0
individual_3339_2016_2017,2,2016,3339,2017-03-16,288,2017-03-16 02:00:23,40.823517,-3.3547583,spring_migration,true,false,,,Germany,observed,true,2017-03-16,2017-03-16,0
individual_3339_2016_2017,2,2016,3339,2017-03-17,289,2017-03-17 02:00:23,42.1736877,-1.6975003,spring_migration,true,false,,,Germany,observed,true,2017-03-17,2017-03-17,0
individual_3339_2016_2017,2,2016,3339,2017-03-18,290,2017-03-18 02:00:23,42.1055051,-0.9858104,spring_migration,true,false,,,Germany,observed,true,2017-03-18,2017-03-18,0
individual_3339_2016_2017,2,2016,3339,2017-03-19,291,2017-03-19 02:00:23,42.5114932,2.0605661,spring_migration,true,false,,,Germany,observed,true,2017-03-19,2017-03-19,0
individual_3339_2016_2017,2,2016,3339,2017-03-20,292,2017-03-20 02:00:23,43.650595,4.3321597,spring_migration,true,false,,,Germany,observed,true,2017-03-20,2017-03-20,0
individual_3339_2016_2017,2,2016,3339,2017-03-21,293,2017-03-21 02:00:23,44.9573614,4.9397581,spring_migration,true,false,,,Germany,observed,true,2017-03-21,2017-03-21,0
individual_3339_2016_2017,2,2016,3339,2017-03-22,294,2017-03-22 02:00:23,46.349919,5.3305763,spring_migration,true,false,,,Germany,observed,true,2017-03-22,2017-03-22,0
individual_3339_2016_2017,2,2016,3339,2017-03-23,295,2017-03-23 02:00:23,47.5255831,6.3755635,spring_migration,true,false,,,Germany,observed,true,2017-03-23,2017-03-23,0
individual_3339_2016_2017,2,2016,3339,2017-03-24,296,2017-03-24 02:00:23,48.7640657,7.4555546,spring_migration,true,false,,,Germany,observed,true,2017-03-24,2017-03-24,0
individual_3339_2016_2017,2,2016,3339,2017-03-25,297,2017-03-25 02:00:23,49.1007076,8.11759,spring_migration,true,false,,,Germany,observed,true,2017-03-25,2017-03-25,0
individual_3339_2016_2017,2,2016,3339,2017-03-26,298,2017-03-26 02:00:23,50.0455539,8.1844464,summer_rest,false,true,spring_arrival,Central European breeding region,,observed,true,2017-03-26,2017-03-26,0
individual_3339_2016_2017,2,2016,3339,2017-03-27,299,2017-03-27 02:00:23,50.4392633,8.728793,summer_rest,false,true,,Central European breeding region,,observed,true,2017-03-27,2017-03-27,0
individual_3339_2016_2017,2,2016,3339,2017-03-28,300,2017-03-28 02:00:23,50.5702792,8.6058232,summer_rest,false,true,,Central European breeding region,,observed,true,2017-03-28,2017-03-28,0
individual_3339_2016_2017,2,2016,3339,2017-03-29,301,2017-03-29 02:00:23,50.2890244,8.987547,summer_rest,false,true,,Central European breeding region,,observed,true,2017-03-29,2017-03-29,0
individual_3339_2016_2017,2,2016,3339,2017-03-30,302,2017-03-30 02:00:23,50.3338131,8.9045914,summer_rest,false,true,,Central European breeding region,,observed,true,2017-03-30,2017-03-30,0
individual_3339_2016_2017,2,2016,3339,2017-03-31,303,2017-03-31 02:00:23,50.2871374,8.9855289,summer_rest,false,true,,Central European breeding region,,observed,true,2017-03-31,2017-03-31,0
individual_3339_2016_2017,2,2016,3339,2017-04-01,304,2017-04-01 02:00:23,50.2846933,8.9930649,summer_rest,false,true,,Central European breeding region,,observed,true,2017-04-01,2017-04-01,0
individual_3339_2016_2017,2,2016,3339,2017-04-02,305,2017-04-02 02:00:23,50.4031532,8.7375479,summer_rest,false,true,,Central European breeding region,,observed,true,2017-04-02,2017-04-02,0
individual_3339_2016_2017,2,2016,3339,2017-04-03,306,2017-04-03 02:00:23,50.4046047,8.7401746,summer_rest,false,true,,Central European breeding region,,observed,true,2017-04-03,2017-04-03,0
individual_3339_2016_2017,2,2016,3339,2017-04-04,307,2017-04-04 02:00:23,50.4038847,8.7400689,summer_rest,false,true,,Central European breeding region,,observed,true,2017-04-04,2017-04-04,0
individual_3339_2016_2017,2,2016,3339,2017-04-05,308,2017-04-05 02:00:23,50.4302245,8.8636938,summer_rest,false,true,,Central European breeding region,,observed,true,2017-04-05,2017-04-05,0
individual_3339_2016_2017,2,2016,3339,2017-04-06,309,2017-04-06 02:00:23,50.2876059,8.9865407,summer_rest,false,true,,Central European breeding region,,observed,true,2017-04-06,2017-04-06,0
individual_3339_2016_2017,2,2016,3339,2017-04-07,310,2017-04-07 02:00:23,50.4137261,8.7356676,summer_rest,false,true,,Central European breeding region,,observed,true,2017-04-07,2017-04-07,0
individual_3339_2016_2017,2,2016,3339,2017-04-08,311,2017-04-08 02:00:23,50.4137075,8.7356277,summer_rest,false,true,,Central European breeding region,,observed,true,2017-04-08,2017-04-08,0
individual_3339_2016_2017,2,2016,3339,2017-04-09,312,2017-04-09 02:00:23,50.3520213,8.7899455,summer_rest,false,true,,Central European breeding region,,observed,true,2017-04-09,2017-04-09,0
individual_3339_2016_2017,2,2016,3339,2017-04-10,313,2017-04-10 02:00:23,50.3949288,8.7483881,summer_rest,false,true,,Central European breeding region,,observed,true,2017-04-10,2017-04-10,0
individual_3339_2016_2017,2,2016,3339,2017-04-11,314,2017-04-11 02:00:23,50.394903,8.7484051,summer_rest,false,true,,Central European breeding region,,observed,true,2017-04-11,2017-04-11,0
individual_3339_2016_2017,2,2016,3339,2017-04-12,315,2017-04-12 02:00:23,50.4438437,8.7214882,summer_rest,false,true,,Central European breeding region,,observed,true,2017-04-12,2017-04-12,0
individual_3339_2016_2017,2,2016,3339,2017-04-13,316,2017-04-13 02:00:23,50.5526862,8.5820968,summer_rest,false,true,,Central European breeding region,,observed,true,2017-04-13,2017-04-13,0
individual_3339_2016_2017,2,2016,3339,2017-04-14,317,2017-04-14 02:00:23,50.5762713,8.568901,summer_rest,false,true,,Central European breeding region,,observed,true,2017-04-14,2017-04-14,0
individual_3339_2016_2017,2,2016,3339,2017-04-15,318,2017-04-15 02:00:23,50.4339412,8.7310309,summer_rest,false,true,,Central European breeding region,,observed,true,2017-04-15,2017-04-15,0
individual_3339_2016_2017,2,2016,3339,2017-04-16,319,2017-04-16 02:00:23,50.4438399,8.7214675,summer_rest,false,true,,Central European breeding region,,observed,true,2017-04-16,2017-04-16,0
individual_3339_2016_2017,2,2016,3339,2017-04-17,320,2017-04-17 02:00:23,50.369559,8.8792118,summer_rest,false,true,,Central European breeding region,,observed,true,2017-04-17,2017-04-17,0
individual_3339_2016_2017,2,2016,3339,2017-04-18,321,2017-04-18 02:00:23,50.4339794,8.7317404,summer_rest,false,true,,Central European breeding region,,observed,true,2017-04-18,2017-04-18,0
individual_3339_2016_2017,2,2016,3339,2017-04-19,322,2017-04-19 02:00:23,50.2915729,9.0234051,summer_rest,false,true,,Central European breeding region,,observed,true,2017-04-19,2017-04-19,0
individual_3339_2016_2017,2,2016,3339,2017-04-20,323,2017-04-20 02:00:23,50.4349298,8.7309235,summer_rest,false,true,,Central European breeding region,,observed,true,2017-04-20,2017-04-20,0
individual_3339_2016_2017,2,2016,3339,2017-04-21,324,2017-04-21 02:00:23,50.5694342,8.6493048,summer_rest,false,true,,Central European breeding region,,observed,true,2017-04-21,2017-04-21,0
individual_3339_2016_2017,2,2016,3339,2017-04-22,325,2017-04-22 02:00:23,50.5779275,8.6600607,summer_rest,false,true,,Central European breeding region,,observed,true,2017-04-22,2017-04-22,0
individual_3339_2016_2017,2,2016,3339,2017-04-23,326,2017-04-23 02:00:23,50.3516015,8.7909384,summer_rest,false,true,,Central European breeding region,,observed,true,2017-04-23,2017-04-23,0
individual_3339_2016_2017,2,2016,3339,2017-04-24,327,2017-04-24 02:00:23,50.4339765,8.7317012,summer_rest,false,true,,Central European breeding region,,observed,true,2017-04-24,2017-04-24,0
individual_3339_2016_2017,2,2016,3339,2017-04-25,328,2017-04-25 02:00:23,50.5915046,8.6562608,summer_rest,false,true,,Central European breeding region,,observed,true,2017-04-25,2017-04-25,0
individual_3339_2016_2017,2,2016,3339,2017-04-26,329,2017-04-26 02:00:23,50.5944847,8.6577703,summer_rest,false,true,,Central European breeding region,,observed,true,2017-04-26,2017-04-26,0
individual_3339_2016_2017,2,2016,3339,2017-04-27,330,2017-04-27 02:00:23,50.5868577,8.6586724,summer_rest,false,true,,Central European breeding region,,observed,true,2017-04-27,2017-04-27,0
individual_3339_2016_2017,2,2016,3339,2017-04-28,331,2017-04-28 02:00:23,50.5866461,8.6582593,summer_rest,false,true,,Central European breeding region,,observed,true,2017-04-28,2017-04-28,0
individual_3339_2016_2017,2,2016,3339,2017-04-29,332,2017-04-29 02:00:23,50.5866205,8.6579184,summer_rest,false,true,,Central European breeding region,,observed,true,2017-04-29,2017-04-29,0
individual_3339_2016_2017,2,2016,3339,2017-04-30,333,2017-04-30 02:00:23,50.5799501,8.621936,summer_rest,false,true,,Central European breeding region,,observed,true,2017-04-30,2017-04-30,0
individual_3339_2016_2017,2,2016,3339,2017-05-01,334,2017-05-01 02:00:23,50.8030747,8.8876802,summer_rest,false,true,,Central European breeding region,,observed,true,2017-05-01,2017-05-01,0
individual_3339_2016_2017,2,2016,3339,2017-05-02,335,2017-05-02 02:00:23,50.8184368,8.9194925,summer_rest,false,true,,Central European breeding region,,observed,true,2017-05-02,2017-05-02,0
individual_3339_2016_2017,2,2016,3339,2017-05-03,336,2017-05-03 02:00:23,50.8183093,8.918957,summer_rest,false,true,,Central European breeding region,,observed,true,2017-05-03,2017-05-03,0
individual_3339_2016_2017,2,2016,3339,2017-05-04,337,2017-05-04 02:00:23,50.809455,8.9082148,summer_rest,false,true,,Central European breeding region,,observed,true,2017-05-04,2017-05-04,0
individual_3339_2016_2017,2,2016,3339,2017-05-05,338,2017-05-05 02:00:23,50.8182945,8.918971,summer_rest,false,true,,Central European breeding region,,observed,true,2017-05-05,2017-05-05,0
individual_3339_2016_2017,2,2016,3339,2017-05-06,339,2017-05-06 02:00:23,50.8081058,8.9062478,summer_rest,false,true,,Central European breeding region,,observed,true,2017-05-06,2017-05-06,0
individual_3339_2016_2017,2,2016,3339,2017-05-07,340,2017-05-07 02:00:23,50.5866066,8.6582762,summer_rest,false,true,,Central European breeding region,,observed,true,2017-05-07,2017-05-07,0
individual_3339_2016_2017,2,2016,3339,2017-05-08,341,2017-05-08 02:00:23,50.2728059,8.9937358,summer_rest,false,true,,Central European breeding region,,observed,true,2017-05-08,2017-05-08,0
individual_3339_2016_2017,2,2016,3339,2017-05-09,342,2017-05-09 02:00:23,50.2724053,8.9929397,summer_rest,false,true,,Central European breeding region,,observed,true,2017-05-09,2017-05-09,0
individual_3339_2016_2017,2,2016,3339,2017-05-10,343,2017-05-10 02:00:23,50.5944707,8.6577607,summer_rest,false,true,,Central European breeding region,,observed,true,2017-05-10,2017-05-10,0
individual_3339_2016_2017,2,2016,3339,2017-05-11,344,2017-05-11 02:00:23,50.5270073,8.667899,summer_rest,false,true,,Central European breeding region,,observed,true,2017-05-11,2017-05-11,0
individual_3339_2016_2017,2,2016,3339,2017-05-12,345,2017-05-12 02:00:23,50.526791,8.6692076,summer_rest,false,true,,Central European breeding region,,observed,true,2017-05-12,2017-05-12,0
individual_3339_2016_2017,2,2016,3339,2017-05-13,346,2017-05-13 02:00:23,50.5242053,8.6648643,summer_rest,false,true,,Central European breeding region,,observed,true,2017-05-13,2017-05-13,0
individual_3339_2016_2017,2,2016,3339,2017-05-14,347,2017-05-14 02:00:23,50.4576186,8.7329557,summer_rest,false,true,,Central European breeding region,,observed,true,2017-05-14,2017-05-14,0
individual_3339_2016_2017,2,2016,3339,2017-05-15,348,2017-05-15 02:00:23,50.5438748,8.7092868,summer_rest,false,true,,Central European breeding region,,observed,true,2017-05-15,2017-05-15,0
individual_3339_2016_2017,2,2016,3339,2017-05-16,349,2017-05-16 02:00:23,50.5809051,8.6219871,summer_rest,false,true,,Central European breeding region,,observed,true,2017-05-16,2017-05-16,0
individual_3339_2016_2017,2,2016,3339,2017-05-17,350,2017-05-17 02:00:23,50.5241852,8.6648759,summer_rest,false,true,,Central European breeding region,,observed,true,2017-05-17,2017-05-17,0
individual_3339_2016_2017,2,2016,3339,2017-05-18,351,2017-05-18 02:00:23,50.5520156,8.7384855,summer_rest,false,true,,Central European breeding region,,observed,true,2017-05-18,2017-05-18,0
individual_3339_2016_2017,2,2016,3339,2017-05-19,352,2017-05-19 02:00:23,50.5795685,8.6454417,summer_rest,false,true,,Central European breeding region,,observed,true,2017-05-19,2017-05-19,0
individual_3339_2016_2017,2,2016,3339,2017-05-20,353,2017-05-20 02:00:23,50.5438592,8.7092938,summer_rest,false,true,,Central European breeding region,,observed,true,2017-05-20,2017-05-20,0
individual_3339_2016_2017,2,2016,3339,2017-05-21,354,2017-05-21 02:00:23,50.4591286,8.7323549,summer_rest,false,true,,Central European breeding region,,observed,true,2017-05-21,2017-05-21,0
individual_3339_2016_2017,2,2016,3339,2017-05-22,355,2017-05-22 02:00:23,50.5441235,8.7099026,summer_rest,false,true,,Central European breeding region,,observed,true,2017-05-22,2017-05-22,0
individual_3339_2016_2017,2,2016,3339,2017-05-23,356,2017-05-23 02:00:23,50.4576092,8.9163996,summer_rest,false,true,,Central European breeding region,,observed,true,2017-05-23,2017-05-23,0
individual_3339_2016_2017,2,2016,3339,2017-05-24,357,2017-05-24 02:00:23,50.5519922,8.7384656,summer_rest,false,true,,Central European breeding region,,observed,true,2017-05-24,2017-05-24,0
individual_3339_2016_2017,2,2016,3339,2017-05-25,358,2017-05-25 02:00:23,50.5519856,8.7384937,summer_rest,false,true,,Central European breeding region,,observed,true,2017-05-25,2017-05-25,0
individual_3339_2016_2017,2,2016,3339,2017-05-26,359,2017-05-26 02:00:23,50.5435432,8.7105327,summer_rest,false,true,,Central European breeding region,,observed,true,2017-05-26,2017-05-26,0
individual_3339_2016_2017,2,2016,3339,2017-05-27,360,2017-05-27 02:00:23,50.5520007,8.738527,summer_rest,false,true,,Central European breeding region,,observed,true,2017-05-27,2017-05-27,0
individual_3339_2016_2017,2,2016,3339,2017-05-28,361,2017-05-28 02:00:23,50.5519972,8.7384643,summer_rest,false,true,,Central European breeding region,,observed,true,2017-05-28,2017-05-28,0
individual_3339_2016_2017,2,2016,3339,2017-05-29,362,2017-05-29 02:00:23,50.587129,8.6582549,summer_rest,false,true,,Central European breeding region,,observed,true,2017-05-29,2017-05-29,0
individual_3339_2016_2017,2,2016,3339,2017-05-30,363,2017-05-30 02:00:23,50.5797018,8.644436,summer_rest,false,true,,Central European breeding region,,observed,true,2017-05-30,2017-05-30,0
individual_3339_2016_2017,2,2016,3339,2017-05-31,364,2017-05-31 02:00:23,50.595372,8.6585107,summer_rest,false,true,,Central European breeding region,,observed,true,2017-05-31,2017-05-31,0
individual_3042_2018_2019,3,2018,3042,2018-06-01,0,2018-06-01 12:00:23,49.261339,10.5329736,summer_rest,false,true,,Central European breeding region,,observed,true,2018-06-01,2018-06-01,0
individual_3042_2018_2019,3,2018,3042,2018-06-02,1,2018-06-02 12:00:23,49.2616263,10.5245632,summer_rest,false,true,,Central European breeding region,,observed,true,2018-06-02,2018-06-02,0
individual_3042_2018_2019,3,2018,3042,2018-06-03,2,2018-06-03 12:00:23,49.2613663,10.5280176,summer_rest,false,true,,Central European breeding region,,observed,true,2018-06-03,2018-06-03,0
individual_3042_2018_2019,3,2018,3042,2018-06-04,3,2018-06-04 12:00:23,49.2615198,10.5334676,summer_rest,false,true,,Central European breeding region,,observed,true,2018-06-04,2018-06-04,0
individual_3042_2018_2019,3,2018,3042,2018-06-05,4,2018-06-05 12:00:23,49.2610616,10.5250091,summer_rest,false,true,,Central European breeding region,,observed,true,2018-06-05,2018-06-05,0
individual_3042_2018_2019,3,2018,3042,2018-06-06,5,2018-06-06 12:00:23,49.1964109,10.6709418,summer_rest,false,true,,Central European breeding region,,observed,true,2018-06-06,2018-06-06,0
individual_3042_2018_2019,3,2018,3042,2018-06-07,6,2018-06-07 12:00:23,49.2614149,10.5335179,summer_rest,false,true,,Central European breeding region,,observed,true,2018-06-07,2018-06-07,0
individual_3042_2018_2019,3,2018,3042,2018-06-08,7,2018-06-08 12:01:10,49.2613865,10.5330982,summer_rest,false,true,,Central European breeding region,,observed,true,2018-06-08,2018-06-08,0
individual_3042_2018_2019,3,2018,3042,2018-06-09,8,2018-06-09 12:00:23,49.2615147,10.5269886,summer_rest,false,true,,Central European breeding region,,observed,true,2018-06-09,2018-06-09,0
individual_3042_2018_2019,3,2018,3042,2018-06-10,9,2018-06-10 12:00:23,49.2039273,10.7052689,summer_rest,false,true,,Central European breeding region,,observed,true,2018-06-10,2018-06-10,0
individual_3042_2018_2019,3,2018,3042,2018-06-11,10,2018-06-11 12:00:23,49.2606978,10.5270836,summer_rest,false,true,,Central European breeding region,,observed,true,2018-06-11,2018-06-11,0
individual_3042_2018_2019,3,2018,3042,2018-06-12,11,2018-06-12 12:00:23,49.2601804,10.5262233,summer_rest,false,true,,Central European breeding region,,observed,true,2018-06-12,2018-06-12,0
individual_3042_2018_2019,3,2018,3042,2018-06-13,12,2018-06-13 12:00:23,49.2144655,10.5359834,summer_rest,false,true,,Central European breeding region,,observed,true,2018-06-13,2018-06-13,0
individual_3042_2018_2019,3,2018,3042,2018-06-14,13,2018-06-14 12:00:23,49.2127752,10.5396654,summer_rest,false,true,,Central European breeding region,,observed,true,2018-06-14,2018-06-14,0
individual_3042_2018_2019,3,2018,3042,2018-06-15,14,2018-06-15 12:00:23,49.2049538,10.5583856,summer_rest,false,true,,Central European breeding region,,observed,true,2018-06-15,2018-06-15,0
individual_3042_2018_2019,3,2018,3042,2018-06-16,15,2018-06-16 12:00:23,49.2133584,10.5465419,summer_rest,false,true,,Central European breeding region,,observed,true,2018-06-16,2018-06-16,0
individual_3042_2018_2019,3,2018,3042,2018-06-17,16,2018-06-17 12:00:23,49.2354811,10.7118943,summer_rest,false,true,,Central European breeding region,,observed,true,2018-06-17,2018-06-17,0
individual_3042_2018_2019,3,2018,3042,2018-06-18,17,2018-06-18 12:00:23,49.189059,10.6391555,summer_rest,false,true,,Central European breeding region,,observed,true,2018-06-18,2018-06-18,0
individual_3042_2018_2019,3,2018,3042,2018-06-19,18,2018-06-19 12:00:23,49.1955629,10.723373,summer_rest,false,true,,Central European breeding region,,observed,true,2018-06-19,2018-06-19,0
individual_3042_2018_2019,3,2018,3042,2018-06-20,19,2018-06-20 12:00:23,49.2601732,10.5279633,summer_rest,false,true,,Central European breeding region,,observed,true,2018-06-20,2018-06-20,0
individual_3042_2018_2019,3,2018,3042,2018-06-21,20,2018-06-21 12:00:23,49.264776,10.5082865,summer_rest,false,true,,Central European breeding region,,observed,true,2018-06-21,2018-06-21,0
individual_3042_2018_2019,3,2018,3042,2018-06-22,21,2018-06-22 12:00:23,49.2421698,10.5429992,summer_rest,false,true,,Central European breeding region,,observed,true,2018-06-22,2018-06-22,0
individual_3042_2018_2019,3,2018,3042,2018-06-23,22,2018-06-23 12:00:23,49.2250943,10.5227743,summer_rest,false,true,,Central European breeding region,,observed,true,2018-06-23,2018-06-23,0
individual_3042_2018_2019,3,2018,3042,2018-06-24,23,2018-06-24 12:00:23,49.2364492,10.5911456,summer_rest,false,true,,Central European breeding region,,observed,true,2018-06-24,2018-06-24,0
individual_3042_2018_2019,3,2018,3042,2018-06-25,24,2018-06-25 12:00:23,49.2404779,10.5916215,summer_rest,false,true,,Central European breeding region,,observed,true,2018-06-25,2018-06-25,0
individual_3042_2018_2019,3,2018,3042,2018-06-26,25,2018-06-26 12:00:23,49.2608984,10.5265891,summer_rest,false,true,,Central European breeding region,,observed,true,2018-06-26,2018-06-26,0
individual_3042_2018_2019,3,2018,3042,2018-06-27,26,2018-06-27 12:00:23,49.1685065,10.7037749,summer_rest,false,true,,Central European breeding region,,observed,true,2018-06-27,2018-06-27,0
individual_3042_2018_2019,3,2018,3042,2018-06-28,27,2018-06-28 12:00:23,49.1777271,10.6831612,summer_rest,false,true,,Central European breeding region,,observed,true,2018-06-28,2018-06-28,0
individual_3042_2018_2019,3,2018,3042,2018-06-29,28,2018-06-29 12:00:23,49.2571407,10.5373657,summer_rest,false,true,,Central European breeding region,,observed,true,2018-06-29,2018-06-29,0
individual_3042_2018_2019,3,2018,3042,2018-06-30,29,2018-06-30 12:00:23,49.1686969,10.7034906,summer_rest,false,true,,Central European breeding region,,observed,true,2018-06-30,2018-06-30,0
individual_3042_2018_2019,3,2018,3042,2018-07-01,30,2018-07-01 12:00:23,49.1646566,10.6989133,summer_rest,false,true,,Central European breeding region,,observed,true,2018-07-01,2018-07-01,0
individual_3042_2018_2019,3,2018,3042,2018-07-02,31,2018-07-02 12:00:23,49.1995565,10.6375596,summer_rest,false,true,,Central European breeding region,,observed,true,2018-07-02,2018-07-02,0
individual_3042_2018_2019,3,2018,3042,2018-07-03,32,2018-07-03 12:00:23,49.1686204,10.6969103,summer_rest,false,true,,Central European breeding region,,observed,true,2018-07-03,2018-07-03,0
individual_3042_2018_2019,3,2018,3042,2018-07-04,33,2018-07-04 18:00:23,49.1772074,10.6846657,summer_rest,false,true,,Central European breeding region,,observed,true,2018-07-04,2018-07-04,0
individual_3042_2018_2019,3,2018,3042,2018-07-05,34,2018-07-05 12:00:23,49.1704287,10.6996906,summer_rest,false,true,,Central European breeding region,,observed,true,2018-07-05,2018-07-05,0
individual_3042_2018_2019,3,2018,3042,2018-07-06,35,2018-07-06 12:00:23,49.1762873,10.690192,summer_rest,false,true,,Central European breeding region,,observed,true,2018-07-06,2018-07-06,0
individual_3042_2018_2019,3,2018,3042,2018-07-07,36,2018-07-07 12:00:23,49.2364318,10.5911584,summer_rest,false,true,,Central European breeding region,,observed,true,2018-07-07,2018-07-07,0
individual_3042_2018_2019,3,2018,3042,2018-07-08,37,2018-07-08 12:00:23,49.2385852,10.5824376,summer_rest,false,true,,Central European breeding region,,observed,true,2018-07-08,2018-07-08,0
individual_3042_2018_2019,3,2018,3042,2018-07-09,38,2018-07-09 12:00:23,49.1773096,10.6975201,summer_rest,false,true,,Central European breeding region,,observed,true,2018-07-09,2018-07-09,0
individual_3042_2018_2019,3,2018,3042,2018-07-10,39,2018-07-10 12:00:23,49.2611745,10.5251481,summer_rest,false,true,,Central European breeding region,,observed,true,2018-07-10,2018-07-10,0
individual_3042_2018_2019,3,2018,3042,2018-07-11,40,2018-07-11 12:00:23,49.1680605,10.6879037,summer_rest,false,true,,Central European breeding region,,observed,true,2018-07-11,2018-07-11,0
individual_3042_2018_2019,3,2018,3042,2018-07-12,41,2018-07-12 12:00:23,49.1717444,10.696483,summer_rest,false,true,,Central European breeding region,,observed,true,2018-07-12,2018-07-12,0
individual_3042_2018_2019,3,2018,3042,2018-07-13,42,2018-07-13 12:00:23,49.2364272,10.5911346,summer_rest,false,true,,Central European breeding region,,observed,true,2018-07-13,2018-07-13,0
individual_3042_2018_2019,3,2018,3042,2018-07-14,43,2018-07-14 12:00:47,49.2066147,10.6831474,summer_rest,false,true,,Central European breeding region,,observed,true,2018-07-14,2018-07-14,0
individual_3042_2018_2019,3,2018,3042,2018-07-15,44,2018-07-15 12:00:23,49.2596456,10.5269026,summer_rest,false,true,,Central European breeding region,,observed,true,2018-07-15,2018-07-15,0
individual_3042_2018_2019,3,2018,3042,2018-07-16,45,2018-07-16 12:00:23,49.260753,10.5281527,summer_rest,false,true,,Central European breeding region,,observed,true,2018-07-16,2018-07-16,0
individual_3042_2018_2019,3,2018,3042,2018-07-17,46,2018-07-17 12:00:23,49.19924,10.6488476,summer_rest,false,true,,Central European breeding region,,observed,true,2018-07-17,2018-07-17,0
individual_3042_2018_2019,3,2018,3042,2018-07-18,47,2018-07-18 12:00:23,49.2635995,10.4282142,summer_rest,false,true,,Central European breeding region,,observed,true,2018-07-18,2018-07-18,0
individual_3042_2018_2019,3,2018,3042,2018-07-19,48,2018-07-19 12:00:23,49.2606783,10.5294399,summer_rest,false,true,,Central European breeding region,,observed,true,2018-07-19,2018-07-19,0
individual_3042_2018_2019,3,2018,3042,2018-07-20,49,2018-07-20 12:00:23,49.1977588,10.6441105,summer_rest,false,true,,Central European breeding region,,observed,true,2018-07-20,2018-07-20,0
individual_3042_2018_2019,3,2018,3042,2018-07-21,50,2018-07-21 12:00:23,49.1726254,10.6796744,summer_rest,false,true,,Central European breeding region,,observed,true,2018-07-21,2018-07-21,0
individual_3042_2018_2019,3,2018,3042,2018-07-22,51,2018-07-22 12:00:23,49.1780297,10.6875448,summer_rest,false,true,,Central European breeding region,,observed,true,2018-07-22,2018-07-22,0
individual_3042_2018_2019,3,2018,3042,2018-07-23,52,2018-07-23 12:00:23,49.1668886,10.6441632,summer_rest,false,true,,Central European breeding region,,observed,true,2018-07-23,2018-07-23,0
individual_3042_2018_2019,3,2018,3042,2018-07-24,53,2018-07-24 12:00:23,49.2020254,10.5671002,summer_rest,false,true,,Central European breeding region,,observed,true,2018-07-24,2018-07-24,0
individual_3042_2018_2019,3,2018,3042,2018-07-25,54,2018-07-25 18:00:23,49.2613849,10.5330309,summer_rest,false,true,,Central European breeding region,,observed,true,2018-07-25,2018-07-25,0
individual_3042_2018_2019,3,2018,3042,2018-07-26,55,2018-07-26 12:00:23,49.2614416,10.5280689,summer_rest,false,true,,Central European breeding region,,observed,true,2018-07-26,2018-07-26,0
individual_3042_2018_2019,3,2018,3042,2018-07-27,56,2018-07-27 12:00:23,49.2613634,10.5280443,summer_rest,false,true,,Central European breeding region,,observed,true,2018-07-27,2018-07-27,0
individual_3042_2018_2019,3,2018,3042,2018-07-28,57,2018-07-28 12:00:23,49.2614257,10.5279563,summer_rest,false,true,,Central European breeding region,,observed,true,2018-07-28,2018-07-28,0
individual_3042_2018_2019,3,2018,3042,2018-07-29,58,2018-07-29 12:00:23,49.2614108,10.5280644,summer_rest,false,true,,Central European breeding region,,observed,true,2018-07-29,2018-07-29,0
individual_3042_2018_2019,3,2018,3042,2018-07-30,59,2018-07-30 12:00:23,49.2613417,10.5278902,summer_rest,false,true,,Central European breeding region,,observed,true,2018-07-30,2018-07-30,0
individual_3042_2018_2019,3,2018,3042,2018-07-31,60,2018-07-31 12:00:23,49.2599143,10.5221622,summer_rest,false,true,,Central European breeding region,,observed,true,2018-07-31,2018-07-31,0
individual_3042_2018_2019,3,2018,3042,2018-08-01,61,2018-08-01 12:00:23,49.1734354,10.6748734,summer_rest,false,true,,Central European breeding region,,observed,true,2018-08-01,2018-08-01,0
individual_3042_2018_2019,3,2018,3042,2018-08-02,62,2018-08-02 12:00:23,49.2026924,10.5689943,summer_rest,false,true,,Central European breeding region,,observed,true,2018-08-02,2018-08-02,0
individual_3042_2018_2019,3,2018,3042,2018-08-03,63,2018-08-03 12:00:23,49.2580744,10.5269366,summer_rest,false,true,,Central European breeding region,,observed,true,2018-08-03,2018-08-03,0
individual_3042_2018_2019,3,2018,3042,2018-08-04,64,2018-08-04 12:00:23,49.2614453,10.5281295,summer_rest,false,true,,Central European breeding region,,observed,true,2018-08-04,2018-08-04,0
individual_3042_2018_2019,3,2018,3042,2018-08-05,65,2018-08-05 12:00:23,49.2610206,10.5292251,summer_rest,false,true,,Central European breeding region,,observed,true,2018-08-05,2018-08-05,0
individual_3042_2018_2019,3,2018,3042,2018-08-06,66,2018-08-06 12:00:23,49.1728972,10.629159,summer_rest,false,true,,Central European breeding region,,observed,true,2018-08-06,2018-08-06,0
individual_3042_2018_2019,3,2018,3042,2018-08-07,67,2018-08-07 12:00:23,49.2611014,10.5290317,summer_rest,false,true,,Central European breeding region,,observed,true,2018-08-07,2018-08-07,0
individual_3042_2018_2019,3,2018,3042,2018-08-08,68,2018-08-08 12:00:23,49.2601065,10.5264503,summer_rest,false,true,,Central European breeding region,,observed,true,2018-08-08,2018-08-08,0
individual_3042_2018_2019,3,2018,3042,2018-08-09,69,2018-08-09 12:00:23,49.2603906,10.5266118,summer_rest,false,true,,Central European breeding region,,observed,true,2018-08-09,2018-08-09,0
individual_3042_2018_2019,3,2018,3042,2018-08-10,70,2018-08-10 12:00:23,49.1767382,10.6853445,summer_rest,false,true,,Central European breeding region,,observed,true,2018-08-10,2018-08-10,0
individual_3042_2018_2019,3,2018,3042,2018-08-11,71,2018-08-11 12:00:23,49.2670553,10.5071048,summer_rest,false,true,,Central European breeding region,,observed,true,2018-08-11,2018-08-11,0
individual_3042_2018_2019,3,2018,3042,2018-08-12,72,2018-08-12 12:00:23,49.2015145,10.6533323,summer_rest,false,true,,Central European breeding region,,observed,true,2018-08-12,2018-08-12,0
individual_3042_2018_2019,3,2018,3042,2018-08-13,73,2018-08-13 12:00:23,49.2015559,10.6533185,summer_rest,false,true,,Central European breeding region,,observed,true,2018-08-13,2018-08-13,0
individual_3042_2018_2019,3,2018,3042,2018-08-14,74,2018-08-14 12:00:23,49.2260551,10.5517623,summer_rest,false,true,,Central European breeding region,,observed,true,2018-08-14,2018-08-14,0
individual_3042_2018_2019,3,2018,3042,2018-08-15,75,2018-08-15 12:00:23,49.1806221,10.6716392,summer_rest,false,true,,Central European breeding region,,observed,true,2018-08-15,2018-08-15,0
individual_3042_2018_2019,3,2018,3042,2018-08-16,76,2018-08-16 12:00:23,49.1796144,10.670657,summer_rest,false,true,,Central European breeding region,,observed,true,2018-08-16,2018-08-16,0
individual_3042_2018_2019,3,2018,3042,2018-08-17,77,2018-08-17 12:00:23,49.2619917,10.5251627,summer_rest,false,true,,Central European breeding region,,observed,true,2018-08-17,2018-08-17,0
individual_3042_2018_2019,3,2018,3042,2018-08-18,78,2018-08-18 12:00:23,49.2619032,10.5253511,summer_rest,false,true,,Central European breeding region,,observed,true,2018-08-18,2018-08-18,0
individual_3042_2018_2019,3,2018,3042,2018-08-19,79,2018-08-19 12:00:23,49.2610646,10.5268212,summer_rest,false,true,,Central European breeding region,,observed,true,2018-08-19,2018-08-19,0
individual_3042_2018_2019,3,2018,3042,2018-08-20,80,2018-08-20 12:00:23,49.2016187,10.6529178,summer_rest,false,true,,Central European breeding region,,observed,true,2018-08-20,2018-08-20,0
individual_3042_2018_2019,3,2018,3042,2018-08-21,81,2018-08-21 18:00:23,49.2016405,10.6529238,summer_rest,false,true,,Central European breeding region,,observed,true,2018-08-21,2018-08-21,0
individual_3042_2018_2019,3,2018,3042,2018-08-22,82,2018-08-22 12:00:23,49.2018144,10.5878489,summer_rest,false,true,,Central European breeding region,,observed,true,2018-08-22,2018-08-22,0
individual_3042_2018_2019,3,2018,3042,2018-08-23,83,2018-08-23 12:00:23,49.2022112,10.5946171,summer_rest,false,true,,Central European breeding region,,observed,true,2018-08-23,2018-08-23,0
individual_3042_2018_2019,3,2018,3042,2018-08-24,84,2018-08-24 12:00:23,49.2022915,10.5968086,summer_rest,false,true,,Central European breeding region,,observed,true,2018-08-24,2018-08-24,0
individual_3042_2018_2019,3,2018,3042,2018-08-25,85,2018-08-25 12:00:23,49.2010042,10.5961043,summer_rest,false,true,,Central European breeding region,,observed,true,2018-08-25,2018-08-25,0
individual_3042_2018_2019,3,2018,3042,2018-08-26,86,2018-08-26 18:00:23,47.9064143,8.5569026,autumn_migration,true,false,autumn_departure,,Spain,observed,true,2018-08-26,2018-08-26,0
individual_3042_2018_2019,3,2018,3042,2018-08-27,87,2018-08-27 12:00:23,47.9226077,8.5722386,autumn_migration,true,false,,,Spain,observed,true,2018-08-27,2018-08-27,0
individual_3042_2018_2019,3,2018,3042,2018-08-28,88,2018-08-28 18:00:23,46.8560633,6.1585573,autumn_migration,true,false,,,Spain,observed,true,2018-08-28,2018-08-28,0
individual_3042_2018_2019,3,2018,3042,2018-08-29,89,2018-08-29 12:00:23,46.8615688,6.1417958,autumn_migration,true,false,,,Spain,observed,true,2018-08-29,2018-08-29,0
individual_3042_2018_2019,3,2018,3042,2018-08-30,90,2018-08-30 12:00:23,46.6363726,5.7430413,autumn_migration,true,false,,,Spain,observed,true,2018-08-30,2018-08-30,0
individual_3042_2018_2019,3,2018,3042,2018-08-31,91,2018-08-31 12:00:23,43.5795555,4.3758783,autumn_migration,true,false,,,Spain,observed,true,2018-08-31,2018-08-31,0
individual_3042_2018_2019,3,2018,3042,2018-09-01,92,2018-09-01 12:00:23,43.5704781,3.9714368,autumn_migration,true,false,,,Spain,observed,true,2018-09-01,2018-09-01,0
individual_3042_2018_2019,3,2018,3042,2018-09-02,93,2018-09-02 12:00:23,43.1233456,3.0357823,autumn_migration,true,false,,,Spain,observed,true,2018-09-02,2018-09-02,0
individual_3042_2018_2019,3,2018,3042,2018-09-03,94,2018-09-03 18:00:23,42.2708247,3.1227773,autumn_migration,true,false,,,Spain,observed,true,2018-09-03,2018-09-03,0
individual_3042_2018_2019,3,2018,3042,2018-09-04,95,2018-09-04 12:00:23,42.1144345,2.7941023,autumn_migration,true,false,,,Spain,observed,true,2018-09-04,2018-09-04,0
individual_3042_2018_2019,3,2018,3042,2018-09-05,96,2018-09-05 12:00:23,42.1139779,2.7911954,autumn_migration,true,false,,,Spain,observed,true,2018-09-05,2018-09-05,0
individual_3042_2018_2019,3,2018,3042,2018-09-06,97,2018-09-06 12:00:23,42.1139992,2.793039,autumn_migration,true,false,,,Spain,observed,true,2018-09-06,2018-09-06,0
individual_3042_2018_2019,3,2018,3042,2018-09-07,98,2018-09-07 12:00:23,42.1130397,2.7929908,autumn_migration,true,false,,,Spain,observed,true,2018-09-07,2018-09-07,0
individual_3042_2018_2019,3,2018,3042,2018-09-08,99,2018-09-08 12:00:23,42.1142879,2.7938062,autumn_migration,true,false,,,Spain,observed,true,2018-09-08,2018-09-08,0
individual_3042_2018_2019,3,2018,3042,2018-09-09,100,2018-09-09 12:00:23,42.131205,2.4465857,autumn_migration,true,false,,,Spain,observed,true,2018-09-09,2018-09-09,0
individual_3042_2018_2019,3,2018,3042,2018-09-10,101,2018-09-10 12:00:23,41.5544358,0.495288,autumn_migration,true,false,,,Spain,observed,true,2018-09-10,2018-09-10,0
individual_3042_2018_2019,3,2018,3042,2018-09-11,102,2018-09-11 12:00:23,41.6311965,-1.0300983,autumn_migration,true,false,,,Spain,observed,true,2018-09-11,2018-09-11,0
individual_3042_2018_2019,3,2018,3042,2018-09-12,103,2018-09-12 12:00:23,41.3819356,-1.5720328,autumn_migration,true,false,,,Spain,observed,true,2018-09-12,2018-09-12,0
individual_3042_2018_2019,3,2018,3042,2018-09-13,104,2018-09-13 12:00:23,39.6206669,-3.2507835,winter_rest,false,true,autumn_arrival,Spain / Iberia,Spain,observed,true,2018-09-13,2018-09-13,0
individual_3042_2018_2019,3,2018,3042,2018-09-14,105,2018-09-14 12:00:23,39.4325707,-3.223616,winter_rest,false,true,,Spain / Iberia,Spain,observed,true,2018-09-14,2018-09-14,0
individual_3042_2018_2019,3,2018,3042,2018-09-15,106,2018-09-15 12:00:23,39.4322329,-3.2227815,winter_rest,false,true,,Spain / Iberia,Spain,observed,true,2018-09-15,2018-09-15,0
individual_3042_2018_2019,3,2018,3042,2018-09-16,107,2018-09-16 12:00:23,39.1505457,-3.7042871,winter_rest,false,true,,Spain / Iberia,Spain,observed,true,2018-09-16,2018-09-16,0
individual_3042_2018_2019,3,2018,3042,2018-09-17,108,2018-09-17 12:00:23,38.8561792,-3.661075,winter_rest,false,true,,Spain / Iberia,Spain,observed,true,2018-09-17,2018-09-17,0
individual_3042_2018_2019,3,2018,3042,2018-09-18,109,2018-09-18 12:00:23,38.8568578,-3.6611568,winter_rest,false,true,,Spain / Iberia,Spain,observed,true,2018-09-18,2018-09-18,0
individual_3042_2018_2019,3,2018,3042,2018-09-19,110,2018-09-19 12:00:23,38.858988,-3.6609255,winter_rest,false,true,,Spain / Iberia,Spain,observed,true,2018-09-19,2018-09-19,0
individual_3042_2018_2019,3,2018,3042,2018-09-20,111,2018-09-20 12:00:23,38.8589061,-3.6608454,winter_rest,false,true,,Spain / Iberia,Spain,observed,true,2018-09-20,2018-09-20,0
individual_3042_2018_2019,3,2018,3042,2018-09-21,112,2018-09-21 12:00:23,38.8592818,-3.6605518,winter_rest,false,true,,Spain / Iberia,Spain,observed,true,2018-09-21,2018-09-21,0
individual_3042_2018_2019,3,2018,3042,2018-09-22,113,2018-09-22 12:00:23,38.8587589,-3.6607797,winter_rest,false,true,,Spain / Iberia,Spain,observed,true,2018-09-22,2018-09-22,0
individual_3042_2018_2019,3,2018,3042,2018-09-23,114,2018-09-23 12:00:23,38.8588934,-3.6608427,winter_rest,false,true,,Spain / Iberia,Spain,observed,true,2018-09-23,2018-09-23,0
individual_3042_2018_2019,3,2018,3042,2018-09-24,115,2018-09-24 12:00:23,38.8592193,-3.6606839,winter_rest,false,true,,Spain / Iberia,Spain,observed,true,2018-09-24,2018-09-24,0
individual_3042_2018_2019,3,2018,3042,2018-09-25,116,2018-09-25 12:00:23,38.85891,-3.6605952,winter_rest,false,true,,Spain / Iberia,Spain,observed,true,2018-09-25,2018-09-25,0
individual_3042_2018_2019,3,2018,3042,2018-09-26,117,2018-09-26 12:00:23,38.858878,-3.6608399,winter_rest,false,true,,Spain / Iberia,Spain,observed,true,2018-09-26,2018-09-26,0
individual_3042_2018_2019,3,2018,3042,2018-09-27,118,2018-09-27 12:00:23,38.8591521,-3.6605465,winter_rest,false,true,,Spain / Iberia,Spain,observed,true,2018-09-27,2018-09-27,0
individual_3042_2018_2019,3,2018,3042,2018-09-28,119,2018-09-28 12:00:23,38.8565844,-3.6614698,winter_rest,false,true,,Spain / Iberia,Spain,observed,true,2018-09-28,2018-09-28,0
individual_3042_2018_2019,3,2018,3042,2018-09-29,120,2018-09-29 12:00:23,38.8591928,-3.6607539,winter_rest,false,true,,Spain / Iberia,Spain,observed,true,2018-09-29,2018-09-29,0
individual_3042_2018_2019,3,2018,3042,2018-09-30,121,2018-09-30 12:00:23,38.859224,-3.6605353,winter_rest,false,true,,Spain / Iberia,Spain,observed,true,2018-09-30,2018-09-30,0
individual_3042_2018_2019,3,2018,3042,2018-10-01,122,2018-10-01 12:00:23,38.8588072,-3.6609045,winter_rest,false,true,,Spain / Iberia,Spain,observed,true,2018-10-01,2018-10-01,0
individual_3042_2018_2019,3,2018,3042,2018-10-02,123,2018-10-02 00:00:00.000,38.8588072,-3.6609045,winter_rest,false,true,,Spain / Iberia,Spain,forward_filled,false,2018-10-01,2018-10-05,3
individual_3042_2018_2019,3,2018,3042,2018-10-03,124,2018-10-03 00:00:00.000,38.8588072,-3.6609045,winter_rest,false,true,,Spain / Iberia,Spain,forward_filled,false,2018-10-01,2018-10-05,3
individual_3042_2018_2019,3,2018,3042,2018-10-04,125,2018-10-04 00:00:00.000,38.8588072,-3.6609045,winter_rest,false,true,,Spain / Iberia,Spain,forward_filled,false,2018-10-01,2018-10-05,3
individual_3042_2018_2019,3,2018,3042,2018-10-05,126,2018-10-05 12:00:23,38.8592658,-3.6605546,winter_rest,false,true,,Spain / Iberia,Spain,observed,true,2018-10-05,2018-10-05,0
individual_3042_2018_2019,3,2018,3042,2018-10-06,127,2018-10-06 12:00:23,38.8590944,-3.6604349,winter_rest,false,true,,Spain / Iberia,Spain,observed,true,2018-10-06,2018-10-06,0
individual_3042_2018_2019,3,2018,3042,2018-10-07,128,2018-10-07 12:00:23,38.8592145,-3.6607764,winter_rest,false,true,,Spain / Iberia,Spain,observed,true,2018-10-07,2018-10-07,0
individual_3042_2018_2019,3,2018,3042,2018-10-08,129,2018-10-08 12:00:23,38.8587324,-3.6608023,winter_rest,false,true,,Spain / Iberia,Spain,observed,true,2018-10-08,2018-10-08,0
individual_3042_2018_2019,3,2018,3042,2018-10-09,130,2018-10-09 12:00:23,38.8587669,-3.6607921,winter_rest,false,true,,Spain / Iberia,Spain,observed,true,2018-10-09,2018-10-09,0
individual_3042_2018_2019,3,2018,3042,2018-10-10,131,2018-10-10 12:00:23,38.8587268,-3.6608887,winter_rest,false,true,,Spain / Iberia,Spain,observed,true,2018-10-10,2018-10-10,0
individual_3042_2018_2019,3,2018,3042,2018-10-11,132,2018-10-11 12:00:23,39.1292143,-3.7114158,winter_rest,false,true,,Spain / Iberia,Spain,observed,true,2018-10-11,2018-10-11,0
individual_3042_2018_2019,3,2018,3042,2018-10-12,133,2018-10-12 12:00:23,39.1201163,-3.7325049,winter_rest,false,true,,Spain / Iberia,Spain,observed,true,2018-10-12,2018-10-12,0
individual_3042_2018_2019,3,2018,3042,2018-10-13,134,2018-10-13 18:00:23,38.8562537,-3.657047,winter_rest,false,true,,Spain / Iberia,Spain,observed,true,2018-10-13,2018-10-13,0
individual_3042_2018_2019,3,2018,3042,2018-10-14,135,2018-10-14 12:00:23,38.8584823,-3.6611291,winter_rest,false,true,,Spain / Iberia,Spain,observed,true,2018-10-14,2018-10-14,0
individual_3042_2018_2019,3,2018,3042,2018-10-15,136,2018-10-15 12:00:23,38.856482,-3.6607042,winter_rest,false,true,,Spain / Iberia,Spain,observed,true,2018-10-15,2018-10-15,0
individual_3042_2018_2019,3,2018,3042,2018-10-16,137,2018-10-16 12:00:23,39.119392,-3.7291142,winter_rest,false,true,,Spain / Iberia,Spain,observed,true,2018-10-16,2018-10-16,0
individual_3042_2018_2019,3,2018,3042,2018-10-17,138,2018-10-17 12:00:23,38.8588718,-3.6605333,winter_rest,false,true,,Spain / Iberia,Spain,observed,true,2018-10-17,2018-10-17,0
individual_3042_2018_2019,3,2018,3042,2018-10-18,139,2018-10-18 12:00:23,38.8557201,-3.6612128,winter_rest,false,true,,Spain / Iberia,Spain,observed,true,2018-10-18,2018-10-18,0
individual_3042_2018_2019,3,2018,3042,2018-10-19,140,2018-10-19 12:00:23,38.8590067,-3.6607443,winter_rest,false,true,,Spain / Iberia,Spain,observed,true,2018-10-19,2018-10-19,0
individual_3042_2018_2019,3,2018,3042,2018-10-20,141,2018-10-20 12:00:23,38.8587236,-3.6609021,winter_rest,false,true,,Spain / Iberia,Spain,observed,true,2018-10-20,2018-10-20,0
individual_3042_2018_2019,3,2018,3042,2018-10-21,142,2018-10-21 12:00:23,38.8586658,-3.660923,winter_rest,false,true,,Spain / Iberia,Spain,observed,true,2018-10-21,2018-10-21,0
individual_3042_2018_2019,3,2018,3042,2018-10-22,143,2018-10-22 12:00:23,38.8585761,-3.6607406,winter_rest,false,true,,Spain / Iberia,Spain,observed,true,2018-10-22,2018-10-22,0
individual_3042_2018_2019,3,2018,3042,2018-10-23,144,2018-10-23 12:00:23,38.8591091,-3.6611133,winter_rest,false,true,,Spain / Iberia,Spain,observed,true,2018-10-23,2018-10-23,0
individual_3042_2018_2019,3,2018,3042,2018-10-24,145,2018-10-24 12:00:23,38.8582615,-3.661101,winter_rest,false,true,,Spain / Iberia,Spain,observed,true,2018-10-24,2018-10-24,0
individual_3042_2018_2019,3,2018,3042,2018-10-25,146,2018-10-25 12:00:23,38.8587375,-3.6608106,winter_rest,false,true,,Spain / Iberia,Spain,observed,true,2018-10-25,2018-10-25,0
individual_3042_2018_2019,3,2018,3042,2018-10-26,147,2018-10-26 12:00:23,38.8584136,-3.6621612,winter_rest,false,true,,Spain / Iberia,Spain,observed,true,2018-10-26,2018-10-26,0
individual_3042_2018_2019,3,2018,3042,2018-10-27,148,2018-10-27 12:00:23,38.8564304,-3.6612286,winter_rest,false,true,,Spain / Iberia,Spain,observed,true,2018-10-27,2018-10-27,0
individual_3042_2018_2019,3,2018,3042,2018-10-28,149,2018-10-28 12:00:23,38.8570783,-3.6601934,winter_rest,false,true,,Spain / Iberia,Spain,observed,true,2018-10-28,2018-10-28,0
individual_3042_2018_2019,3,2018,3042,2018-10-29,150,2018-10-29 12:00:23,38.8575178,-3.6607506,winter_rest,false,true,,Spain / Iberia,Spain,observed,true,2018-10-29,2018-10-29,0
individual_3042_2018_2019,3,2018,3042,2018-10-30,151,2018-10-30 12:00:23,39.1229177,-3.7286625,winter_rest,false,true,,Spain / Iberia,Spain,observed,true,2018-10-30,2018-10-30,0
individual_3042_2018_2019,3,2018,3042,2018-10-31,152,2018-10-31 12:00:23,39.1166048,-3.7311715,winter_rest,false,true,,Spain / Iberia,Spain,observed,true,2018-10-31,2018-10-31,0
individual_3042_2018_2019,3,2018,3042,2018-11-01,153,2018-11-01 12:00:23,39.1187132,-3.7307703,winter_rest,false,true,,Spain / Iberia,Spain,observed,true,2018-11-01,2018-11-01,0
individual_3042_2018_2019,3,2018,3042,2018-11-02,154,2018-11-02 12:00:23,38.8589618,-3.6608782,winter_rest,false,true,,Spain / Iberia,Spain,observed,true,2018-11-02,2018-11-02,0
individual_3042_2018_2019,3,2018,3042,2018-11-03,155,2018-11-03 12:00:23,38.8583625,-3.6610386,winter_rest,false,true,,Spain / Iberia,Spain,observed,true,2018-11-03,2018-11-03,0
individual_3042_2018_2019,3,2018,3042,2018-11-04,156,2018-11-04 12:00:23,38.8582108,-3.6615705,winter_rest,false,true,,Spain / Iberia,Spain,observed,true,2018-11-04,2018-11-04,0
individual_3042_2018_2019,3,2018,3042,2018-11-05,157,2018-11-05 12:00:23,38.8564074,-3.660944,winter_rest,false,true,,Spain / Iberia,Spain,observed,true,2018-11-05,2018-11-05,0
individual_3042_2018_2019,3,2018,3042,2018-11-06,158,2018-11-06 12:00:23,39.1197853,-3.7344253,winter_rest,false,true,,Spain / Iberia,Spain,observed,true,2018-11-06,2018-11-06,0
individual_3042_2018_2019,3,2018,3042,2018-11-07,159,2018-11-07 12:00:23,39.1180086,-3.7301531,winter_rest,false,true,,Spain / Iberia,Spain,observed,true,2018-11-07,2018-11-07,0
individual_3042_2018_2019,3,2018,3042,2018-11-08,160,2018-11-08 12:00:23,38.8564444,-3.6605694,winter_rest,false,true,,Spain / Iberia,Spain,observed,true,2018-11-08,2018-11-08,0
individual_3042_2018_2019,3,2018,3042,2018-11-09,161,2018-11-09 12:00:23,38.8564502,-3.6606004,winter_rest,false,true,,Spain / Iberia,Spain,observed,true,2018-11-09,2018-11-09,0
individual_3042_2018_2019,3,2018,3042,2018-11-10,162,2018-11-10 12:00:23,39.1244069,-3.7491736,winter_rest,false,true,,Spain / Iberia,Spain,observed,true,2018-11-10,2018-11-10,0
individual_3042_2018_2019,3,2018,3042,2018-11-11,163,2018-11-11 12:00:23,38.8563207,-3.660925,winter_rest,false,true,,Spain / Iberia,Spain,observed,true,2018-11-11,2018-11-11,0
individual_3042_2018_2019,3,2018,3042,2018-11-12,164,2018-11-12 12:00:23,38.8585177,-3.6614664,winter_rest,false,true,,Spain / Iberia,Spain,observed,true,2018-11-12,2018-11-12,0
individual_3042_2018_2019,3,2018,3042,2018-11-13,165,2018-11-13 12:00:23,38.8586936,-3.6611309,winter_rest,false,true,,Spain / Iberia,Spain,observed,true,2018-11-13,2018-11-13,0
individual_3042_2018_2019,3,2018,3042,2018-11-14,166,2018-11-14 12:00:23,38.8574822,-3.6598228,winter_rest,false,true,,Spain / Iberia,Spain,observed,true,2018-11-14,2018-11-14,0
individual_3042_2018_2019,3,2018,3042,2018-11-15,167,2018-11-15 12:00:23,38.8588744,-3.6605758,winter_rest,false,true,,Spain / Iberia,Spain,observed,true,2018-11-15,2018-11-15,0
individual_3042_2018_2019,3,2018,3042,2018-11-16,168,2018-11-16 12:00:23,38.8601069,-3.6651332,winter_rest,false,true,,Spain / Iberia,Spain,observed,true,2018-11-16,2018-11-16,0
individual_3042_2018_2019,3,2018,3042,2018-11-17,169,2018-11-17 12:00:23,38.8584865,-3.6610433,winter_rest,false,true,,Spain / Iberia,Spain,observed,true,2018-11-17,2018-11-17,0
individual_3042_2018_2019,3,2018,3042,2018-11-18,170,2018-11-18 12:00:23,38.8560077,-3.6609812,winter_rest,false,true,,Spain / Iberia,Spain,observed,true,2018-11-18,2018-11-18,0
individual_3042_2018_2019,3,2018,3042,2018-11-19,171,2018-11-19 12:00:23,38.860801,-3.6579257,winter_rest,false,true,,Spain / Iberia,Spain,observed,true,2018-11-19,2018-11-19,0
individual_3042_2018_2019,3,2018,3042,2018-11-20,172,2018-11-20 12:00:23,38.8575869,-3.6597318,winter_rest,false,true,,Spain / Iberia,Spain,observed,true,2018-11-20,2018-11-20,0
individual_3042_2018_2019,3,2018,3042,2018-11-21,173,2018-11-21 12:00:23,39.1239485,-3.7314943,winter_rest,false,true,,Spain / Iberia,Spain,observed,true,2018-11-21,2018-11-21,0
individual_3042_2018_2019,3,2018,3042,2018-11-22,174,2018-11-22 12:00:23,39.0134775,-3.697954,winter_rest,false,true,,Spain / Iberia,Spain,observed,true,2018-11-22,2018-11-22,0
individual_3042_2018_2019,3,2018,3042,2018-11-23,175,2018-11-23 12:00:23,38.8576998,-3.6604971,winter_rest,false,true,,Spain / Iberia,Spain,observed,true,2018-11-23,2018-11-23,0
individual_3042_2018_2019,3,2018,3042,2018-11-24,176,2018-11-24 12:00:23,38.8644455,-3.6633567,winter_rest,false,true,,Spain / Iberia,Spain,observed,true,2018-11-24,2018-11-24,0
individual_3042_2018_2019,3,2018,3042,2018-11-25,177,2018-11-25 12:00:23,38.8578526,-3.6602808,winter_rest,false,true,,Spain / Iberia,Spain,observed,true,2018-11-25,2018-11-25,0
individual_3042_2018_2019,3,2018,3042,2018-11-26,178,2018-11-26 12:00:23,39.1267569,-3.7256274,winter_rest,false,true,,Spain / Iberia,Spain,observed,true,2018-11-26,2018-11-26,0
individual_3042_2018_2019,3,2018,3042,2018-11-27,179,2018-11-27 12:00:23,38.9613289,-3.7139844,winter_rest,false,true,,Spain / Iberia,Spain,observed,true,2018-11-27,2018-11-27,0
individual_3042_2018_2019,3,2018,3042,2018-11-28,180,2018-11-28 12:00:23,38.8627074,-3.663809,winter_rest,false,true,,Spain / Iberia,Spain,observed,true,2018-11-28,2018-11-28,0
individual_3042_2018_2019,3,2018,3042,2018-11-29,181,2018-11-29 12:00:23,38.858393,-3.6604465,winter_rest,false,true,,Spain / Iberia,Spain,observed,true,2018-11-29,2018-11-29,0
individual_3042_2018_2019,3,2018,3042,2018-11-30,182,2018-11-30 12:00:23,38.857177,-3.6591704,winter_rest,false,true,,Spain / Iberia,Spain,observed,true,2018-11-30,2018-11-30,0
individual_3042_2018_2019,3,2018,3042,2018-12-01,183,2018-12-01 12:00:23,38.8579122,-3.6605427,winter_rest,false,true,,Spain / Iberia,Spain,observed,true,2018-12-01,2018-12-01,0
individual_3042_2018_2019,3,2018,3042,2018-12-02,184,2018-12-02 12:00:23,38.8575391,-3.6601884,winter_rest,false,true,,Spain / Iberia,Spain,observed,true,2018-12-02,2018-12-02,0
individual_3042_2018_2019,3,2018,3042,2018-12-03,185,2018-12-03 12:00:23,38.8604058,-3.6559156,winter_rest,false,true,,Spain / Iberia,Spain,observed,true,2018-12-03,2018-12-03,0
individual_3042_2018_2019,3,2018,3042,2018-12-04,186,2018-12-04 12:00:23,38.8606151,-3.6597129,winter_rest,false,true,,Spain / Iberia,Spain,observed,true,2018-12-04,2018-12-04,0
individual_3042_2018_2019,3,2018,3042,2018-12-05,187,2018-12-05 12:00:23,38.8635148,-3.6612687,winter_rest,false,true,,Spain / Iberia,Spain,observed,true,2018-12-05,2018-12-05,0
individual_3042_2018_2019,3,2018,3042,2018-12-06,188,2018-12-06 12:00:23,38.8624769,-3.6640005,winter_rest,false,true,,Spain / Iberia,Spain,observed,true,2018-12-06,2018-12-06,0
individual_3042_2018_2019,3,2018,3042,2018-12-07,189,2018-12-07 12:00:23,38.8603526,-3.6575898,winter_rest,false,true,,Spain / Iberia,Spain,observed,true,2018-12-07,2018-12-07,0
individual_3042_2018_2019,3,2018,3042,2018-12-08,190,2018-12-08 12:00:23,38.8622718,-3.6594251,winter_rest,false,true,,Spain / Iberia,Spain,observed,true,2018-12-08,2018-12-08,0
individual_3042_2018_2019,3,2018,3042,2018-12-09,191,2018-12-09 12:00:23,38.8565561,-3.6627226,winter_rest,false,true,,Spain / Iberia,Spain,observed,true,2018-12-09,2018-12-09,0
individual_3042_2018_2019,3,2018,3042,2018-12-10,192,2018-12-10 12:00:23,38.8638423,-3.6680618,winter_rest,false,true,,Spain / Iberia,Spain,observed,true,2018-12-10,2018-12-10,0
individual_3042_2018_2019,3,2018,3042,2018-12-11,193,2018-12-11 12:00:23,39.128437,-3.7120505,winter_rest,false,true,,Spain / Iberia,Spain,observed,true,2018-12-11,2018-12-11,0
individual_3042_2018_2019,3,2018,3042,2018-12-12,194,2018-12-12 12:00:23,39.1317796,-3.7070541,winter_rest,false,true,,Spain / Iberia,Spain,observed,true,2018-12-12,2018-12-12,0
individual_3042_2018_2019,3,2018,3042,2018-12-13,195,2018-12-13 12:00:23,39.1286997,-3.6931217,winter_rest,false,true,,Spain / Iberia,Spain,observed,true,2018-12-13,2018-12-13,0
individual_3042_2018_2019,3,2018,3042,2018-12-14,196,2018-12-14 12:00:23,39.0785312,-3.6843095,winter_rest,false,true,,Spain / Iberia,Spain,observed,true,2018-12-14,2018-12-14,0
individual_3042_2018_2019,3,2018,3042,2018-12-15,197,2018-12-15 12:00:23,38.8575357,-3.6605539,winter_rest,false,true,,Spain / Iberia,Spain,observed,true,2018-12-15,2018-12-15,0
individual_3042_2018_2019,3,2018,3042,2018-12-16,198,2018-12-16 12:00:23,38.8578217,-3.6604429,winter_rest,false,true,,Spain / Iberia,Spain,observed,true,2018-12-16,2018-12-16,0
individual_3042_2018_2019,3,2018,3042,2018-12-17,199,2018-12-17 12:00:23,38.8555937,-3.6608927,winter_rest,false,true,,Spain / Iberia,Spain,observed,true,2018-12-17,2018-12-17,0
individual_3042_2018_2019,3,2018,3042,2018-12-18,200,2018-12-18 12:00:23,38.8603948,-3.6585996,winter_rest,false,true,,Spain / Iberia,Spain,observed,true,2018-12-18,2018-12-18,0
individual_3042_2018_2019,3,2018,3042,2018-12-19,201,2018-12-19 12:00:23,38.8576275,-3.6605396,winter_rest,false,true,,Spain / Iberia,Spain,observed,true,2018-12-19,2018-12-19,0
individual_3042_2018_2019,3,2018,3042,2018-12-20,202,2018-12-20 12:00:23,38.8575689,-3.6593125,winter_rest,false,true,,Spain / Iberia,Spain,observed,true,2018-12-20,2018-12-20,0
individual_3042_2018_2019,3,2018,3042,2018-12-21,203,2018-12-21 12:00:23,38.858078,-3.6603615,winter_rest,false,true,,Spain / Iberia,Spain,observed,true,2018-12-21,2018-12-21,0
individual_3042_2018_2019,3,2018,3042,2018-12-22,204,2018-12-22 12:00:23,38.8597533,-3.6565083,winter_rest,false,true,,Spain / Iberia,Spain,observed,true,2018-12-22,2018-12-22,0
individual_3042_2018_2019,3,2018,3042,2018-12-23,205,2018-12-23 12:00:23,38.8597307,-3.65651,winter_rest,false,true,,Spain / Iberia,Spain,observed,true,2018-12-23,2018-12-23,0
individual_3042_2018_2019,3,2018,3042,2018-12-24,206,2018-12-24 12:00:23,38.8598514,-3.6567969,winter_rest,false,true,,Spain / Iberia,Spain,observed,true,2018-12-24,2018-12-24,0
individual_3042_2018_2019,3,2018,3042,2018-12-25,207,2018-12-25 12:00:23,38.8624538,-3.6904885,winter_rest,false,true,,Spain / Iberia,Spain,observed,true,2018-12-25,2018-12-25,0
individual_3042_2018_2019,3,2018,3042,2018-12-26,208,2018-12-26 12:00:53,38.8595237,-3.6565656,winter_rest,false,true,,Spain / Iberia,Spain,observed,true,2018-12-26,2018-12-26,0
individual_3042_2018_2019,3,2018,3042,2018-12-27,209,2018-12-27 12:00:23,38.8589877,-3.6638232,winter_rest,false,true,,Spain / Iberia,Spain,observed,true,2018-12-27,2018-12-27,0
individual_3042_2018_2019,3,2018,3042,2018-12-28,210,2018-12-28 12:00:23,38.8599525,-3.6590985,winter_rest,false,true,,Spain / Iberia,Spain,observed,true,2018-12-28,2018-12-28,0
individual_3042_2018_2019,3,2018,3042,2018-12-29,211,2018-12-29 12:00:23,38.8584683,-3.6610557,winter_rest,false,true,,Spain / Iberia,Spain,observed,true,2018-12-29,2018-12-29,0
individual_3042_2018_2019,3,2018,3042,2018-12-30,212,2018-12-30 12:00:23,38.8628666,-3.661774,winter_rest,false,true,,Spain / Iberia,Spain,observed,true,2018-12-30,2018-12-30,0
individual_3042_2018_2019,3,2018,3042,2018-12-31,213,2018-12-31 12:00:23,38.8566894,-3.6607939,winter_rest,false,true,,Spain / Iberia,Spain,observed,true,2018-12-31,2018-12-31,0
individual_3042_2018_2019,3,2018,3042,2019-01-01,214,2019-01-01 12:00:23,38.8602244,-3.6577721,winter_rest,false,true,,Spain / Iberia,Spain,observed,true,2019-01-01,2019-01-01,0
individual_3042_2018_2019,3,2018,3042,2019-01-02,215,2019-01-02 12:00:47,38.859516,-3.6573069,winter_rest,false,true,,Spain / Iberia,Spain,observed,true,2019-01-02,2019-01-02,0
individual_3042_2018_2019,3,2018,3042,2019-01-03,216,2019-01-03 12:00:23,38.8598273,-3.656456,winter_rest,false,true,,Spain / Iberia,Spain,observed,true,2019-01-03,2019-01-03,0
individual_3042_2018_2019,3,2018,3042,2019-01-04,217,2019-01-04 12:00:23,38.859722,-3.6562364,winter_rest,false,true,,Spain / Iberia,Spain,observed,true,2019-01-04,2019-01-04,0
individual_3042_2018_2019,3,2018,3042,2019-01-05,218,2019-01-05 12:00:23,38.8629007,-3.6641423,winter_rest,false,true,,Spain / Iberia,Spain,observed,true,2019-01-05,2019-01-05,0
individual_3042_2018_2019,3,2018,3042,2019-01-06,219,2019-01-06 12:00:23,38.860627,-3.6597679,winter_rest,false,true,,Spain / Iberia,Spain,observed,true,2019-01-06,2019-01-06,0
individual_3042_2018_2019,3,2018,3042,2019-01-07,220,2019-01-07 12:00:23,38.8607526,-3.6575526,winter_rest,false,true,,Spain / Iberia,Spain,observed,true,2019-01-07,2019-01-07,0
individual_3042_2018_2019,3,2018,3042,2019-01-08,221,2019-01-08 12:00:23,38.8611545,-3.6594632,winter_rest,false,true,,Spain / Iberia,Spain,observed,true,2019-01-08,2019-01-08,0
individual_3042_2018_2019,3,2018,3042,2019-01-09,222,2019-01-09 12:00:23,38.8599406,-3.6566741,winter_rest,false,true,,Spain / Iberia,Spain,observed,true,2019-01-09,2019-01-09,0
individual_3042_2018_2019,3,2018,3042,2019-01-10,223,2019-01-10 12:00:23,38.8598941,-3.6566207,winter_rest,false,true,,Spain / Iberia,Spain,observed,true,2019-01-10,2019-01-10,0
individual_3042_2018_2019,3,2018,3042,2019-01-11,224,2019-01-11 12:00:23,38.8599029,-3.6563894,winter_rest,false,true,,Spain / Iberia,Spain,observed,true,2019-01-11,2019-01-11,0
individual_3042_2018_2019,3,2018,3042,2019-01-12,225,2019-01-12 12:00:23,39.1286771,-3.7051116,winter_rest,false,true,,Spain / Iberia,Spain,observed,true,2019-01-12,2019-01-12,0
individual_3042_2018_2019,3,2018,3042,2019-01-13,226,2019-01-13 12:00:23,39.1285905,-3.7054574,winter_rest,false,true,,Spain / Iberia,Spain,observed,true,2019-01-13,2019-01-13,0
individual_3042_2018_2019,3,2018,3042,2019-01-14,227,2019-01-14 12:00:23,38.8593753,-3.6570439,winter_rest,false,true,,Spain / Iberia,Spain,observed,true,2019-01-14,2019-01-14,0
individual_3042_2018_2019,3,2018,3042,2019-01-15,228,2019-01-15 12:00:23,38.8609858,-3.6593662,winter_rest,false,true,,Spain / Iberia,Spain,observed,true,2019-01-15,2019-01-15,0
individual_3042_2018_2019,3,2018,3042,2019-01-16,229,2019-01-16 12:00:23,38.8594908,-3.656549,winter_rest,false,true,,Spain / Iberia,Spain,observed,true,2019-01-16,2019-01-16,0
individual_3042_2018_2019,3,2018,3042,2019-01-17,230,2019-01-17 12:00:23,38.8599152,-3.6569031,winter_rest,false,true,,Spain / Iberia,Spain,observed,true,2019-01-17,2019-01-17,0
individual_3042_2018_2019,3,2018,3042,2019-01-18,231,2019-01-18 12:00:23,38.8598135,-3.6565402,winter_rest,false,true,,Spain / Iberia,Spain,observed,true,2019-01-18,2019-01-18,0
individual_3042_2018_2019,3,2018,3042,2019-01-19,232,2019-01-19 12:00:23,38.8609138,-3.6599945,winter_rest,false,true,,Spain / Iberia,Spain,observed,true,2019-01-19,2019-01-19,0
individual_3042_2018_2019,3,2018,3042,2019-01-20,233,2019-01-20 12:00:23,38.860246,-3.6591486,winter_rest,false,true,,Spain / Iberia,Spain,observed,true,2019-01-20,2019-01-20,0
individual_3042_2018_2019,3,2018,3042,2019-01-21,234,2019-01-21 12:00:23,38.8597631,-3.6564293,winter_rest,false,true,,Spain / Iberia,Spain,observed,true,2019-01-21,2019-01-21,0
individual_3042_2018_2019,3,2018,3042,2019-01-22,235,2019-01-22 12:00:23,38.8590364,-3.6571086,winter_rest,false,true,,Spain / Iberia,Spain,observed,true,2019-01-22,2019-01-22,0
individual_3042_2018_2019,3,2018,3042,2019-01-23,236,2019-01-23 12:00:23,39.1309446,-3.7054581,winter_rest,false,true,,Spain / Iberia,Spain,observed,true,2019-01-23,2019-01-23,0
individual_3042_2018_2019,3,2018,3042,2019-01-24,237,2019-01-24 12:00:23,39.135771,-3.7177541,winter_rest,false,true,,Spain / Iberia,Spain,observed,true,2019-01-24,2019-01-24,0
individual_3042_2018_2019,3,2018,3042,2019-01-25,238,2019-01-25 12:00:23,38.8597398,-3.6562939,winter_rest,false,true,,Spain / Iberia,Spain,observed,true,2019-01-25,2019-01-25,0
individual_3042_2018_2019,3,2018,3042,2019-01-26,239,2019-01-26 12:00:23,38.8600146,-3.6569671,winter_rest,false,true,,Spain / Iberia,Spain,observed,true,2019-01-26,2019-01-26,0
individual_3042_2018_2019,3,2018,3042,2019-01-27,240,2019-01-27 12:00:23,38.8612906,-3.6587451,winter_rest,false,true,,Spain / Iberia,Spain,observed,true,2019-01-27,2019-01-27,0
individual_3042_2018_2019,3,2018,3042,2019-01-28,241,2019-01-28 12:00:23,38.8595661,-3.6568477,winter_rest,false,true,,Spain / Iberia,Spain,observed,true,2019-01-28,2019-01-28,0
individual_3042_2018_2019,3,2018,3042,2019-01-29,242,2019-01-29 12:00:23,39.1231259,-3.7297722,winter_rest,false,true,,Spain / Iberia,Spain,observed,true,2019-01-29,2019-01-29,0
individual_3042_2018_2019,3,2018,3042,2019-01-30,243,2019-01-30 12:00:23,38.8571402,-3.6603928,winter_rest,false,true,,Spain / Iberia,Spain,observed,true,2019-01-30,2019-01-30,0
individual_3042_2018_2019,3,2018,3042,2019-01-31,244,2019-01-31 12:00:23,39.1221573,-3.7439434,winter_rest,false,true,,Spain / Iberia,Spain,observed,true,2019-01-31,2019-01-31,0
individual_3042_2018_2019,3,2018,3042,2019-02-01,245,2019-02-01 12:00:23,39.1214545,-3.7433846,winter_rest,false,true,,Spain / Iberia,Spain,observed,true,2019-02-01,2019-02-01,0
individual_3042_2018_2019,3,2018,3042,2019-02-02,246,2019-02-02 12:00:23,38.8596344,-3.6568431,winter_rest,false,true,,Spain / Iberia,Spain,observed,true,2019-02-02,2019-02-02,0
individual_3042_2018_2019,3,2018,3042,2019-02-03,247,2019-02-03 12:00:23,39.1240567,-3.7323109,winter_rest,false,true,,Spain / Iberia,Spain,observed,true,2019-02-03,2019-02-03,0
individual_3042_2018_2019,3,2018,3042,2019-02-04,248,2019-02-04 12:00:23,38.8600074,-3.6568048,winter_rest,false,true,,Spain / Iberia,Spain,observed,true,2019-02-04,2019-02-04,0
individual_3042_2018_2019,3,2018,3042,2019-02-05,249,2019-02-05 12:00:23,38.8598086,-3.656355,winter_rest,false,true,,Spain / Iberia,Spain,observed,true,2019-02-05,2019-02-05,0
individual_3042_2018_2019,3,2018,3042,2019-02-06,250,2019-02-06 12:00:23,38.9056664,-3.6777785,winter_rest,false,true,,Spain / Iberia,Spain,observed,true,2019-02-06,2019-02-06,0
individual_3042_2018_2019,3,2018,3042,2019-02-07,251,2019-02-07 12:00:23,38.8594976,-3.6564437,winter_rest,false,true,,Spain / Iberia,Spain,observed,true,2019-02-07,2019-02-07,0
individual_3042_2018_2019,3,2018,3042,2019-02-08,252,2019-02-08 12:00:23,38.8599765,-3.6569184,winter_rest,false,true,,Spain / Iberia,Spain,observed,true,2019-02-08,2019-02-08,0
individual_3042_2018_2019,3,2018,3042,2019-02-09,253,2019-02-09 12:00:23,38.8593418,-3.6568457,winter_rest,false,true,,Spain / Iberia,Spain,observed,true,2019-02-09,2019-02-09,0
individual_3042_2018_2019,3,2018,3042,2019-02-10,254,2019-02-10 12:00:23,39.1389317,-3.7125498,winter_rest,false,true,,Spain / Iberia,Spain,observed,true,2019-02-10,2019-02-10,0
individual_3042_2018_2019,3,2018,3042,2019-02-11,255,2019-02-11 12:00:23,39.1353447,-3.7174575,winter_rest,false,true,,Spain / Iberia,Spain,observed,true,2019-02-11,2019-02-11,0
individual_3042_2018_2019,3,2018,3042,2019-02-12,256,2019-02-12 12:00:23,38.8597199,-3.656472,winter_rest,false,true,,Spain / Iberia,Spain,observed,true,2019-02-12,2019-02-12,0
individual_3042_2018_2019,3,2018,3042,2019-02-13,257,2019-02-13 12:00:23,38.8601875,-3.6564713,winter_rest,false,true,,Spain / Iberia,Spain,observed,true,2019-02-13,2019-02-13,0
individual_3042_2018_2019,3,2018,3042,2019-02-14,258,2019-02-14 12:00:23,38.8597647,-3.6562873,winter_rest,false,true,,Spain / Iberia,Spain,observed,true,2019-02-14,2019-02-14,0
individual_3042_2018_2019,3,2018,3042,2019-02-15,259,2019-02-15 12:00:23,38.8596467,-3.6561684,winter_rest,false,true,,Spain / Iberia,Spain,observed,true,2019-02-15,2019-02-15,0
individual_3042_2018_2019,3,2018,3042,2019-02-16,260,2019-02-16 12:00:23,38.8597906,-3.6563692,winter_rest,false,true,,Spain / Iberia,Spain,observed,true,2019-02-16,2019-02-16,0
individual_3042_2018_2019,3,2018,3042,2019-02-17,261,2019-02-17 12:00:23,38.8592049,-3.6562408,winter_rest,false,true,,Spain / Iberia,Spain,observed,true,2019-02-17,2019-02-17,0
individual_3042_2018_2019,3,2018,3042,2019-02-18,262,2019-02-18 12:00:23,38.8609983,-3.6597062,winter_rest,false,true,,Spain / Iberia,Spain,observed,true,2019-02-18,2019-02-18,0
individual_3042_2018_2019,3,2018,3042,2019-02-19,263,2019-02-19 12:00:23,38.8596907,-3.6563132,winter_rest,false,true,,Spain / Iberia,Spain,observed,true,2019-02-19,2019-02-19,0
individual_3042_2018_2019,3,2018,3042,2019-02-20,264,2019-02-20 12:00:23,38.863695,-3.6617729,winter_rest,false,true,,Spain / Iberia,Spain,observed,true,2019-02-20,2019-02-20,0
individual_3042_2018_2019,3,2018,3042,2019-02-21,265,2019-02-21 12:00:23,38.8595204,-3.6563399,winter_rest,false,true,,Spain / Iberia,Spain,observed,true,2019-02-21,2019-02-21,0
individual_3042_2018_2019,3,2018,3042,2019-02-22,266,2019-02-22 12:00:23,38.8597614,-3.6563876,winter_rest,false,true,,Spain / Iberia,Spain,observed,true,2019-02-22,2019-02-22,0
individual_3042_2018_2019,3,2018,3042,2019-02-23,267,2019-02-23 12:00:23,38.8597715,-3.6563991,winter_rest,false,true,,Spain / Iberia,Spain,observed,true,2019-02-23,2019-02-23,0
individual_3042_2018_2019,3,2018,3042,2019-02-24,268,2019-02-24 12:00:23,38.8597604,-3.6564001,winter_rest,false,true,,Spain / Iberia,Spain,observed,true,2019-02-24,2019-02-24,0
individual_3042_2018_2019,3,2018,3042,2019-02-25,269,2019-02-25 12:00:23,38.8597684,-3.6563821,winter_rest,false,true,,Spain / Iberia,Spain,observed,true,2019-02-25,2019-02-25,0
individual_3042_2018_2019,3,2018,3042,2019-02-26,270,2019-02-26 18:00:23,38.8603027,-3.6559057,winter_rest,false,true,,Spain / Iberia,Spain,observed,true,2019-02-26,2019-02-26,0
individual_3042_2018_2019,3,2018,3042,2019-02-27,271,2019-02-27 12:00:23,38.8596009,-3.6561728,winter_rest,false,true,,Spain / Iberia,Spain,observed,true,2019-02-27,2019-02-27,0
individual_3042_2018_2019,3,2018,3042,2019-02-28,272,2019-02-28 12:00:23,38.911739,-3.8420632,winter_rest,false,true,,Spain / Iberia,Spain,observed,true,2019-02-28,2019-02-28,0
individual_3042_2018_2019,3,2018,3042,2019-03-01,273,2019-03-01 12:00:23,38.8594302,-3.6564631,winter_rest,false,true,,Spain / Iberia,Spain,observed,true,2019-03-01,2019-03-01,0
individual_3042_2018_2019,3,2018,3042,2019-03-02,274,2019-03-02 12:00:29,39.1357773,-3.7179858,winter_rest,false,true,,Spain / Iberia,Spain,observed,true,2019-03-02,2019-03-02,0
individual_3042_2018_2019,3,2018,3042,2019-03-03,275,2019-03-03 12:00:23,39.4829085,-3.2927659,winter_rest,false,true,,Spain / Iberia,Spain,observed,true,2019-03-03,2019-03-03,0
individual_3042_2018_2019,3,2018,3042,2019-03-04,276,2019-03-04 12:00:23,39.8492378,-2.6707816,winter_rest,false,true,,Spain / Iberia,Spain,observed,true,2019-03-04,2019-03-04,0
individual_3042_2018_2019,3,2018,3042,2019-03-05,277,2019-03-05 12:00:23,41.495959,-0.1613743,spring_migration,true,false,spring_departure,,Germany,observed,true,2019-03-05,2019-03-05,0
individual_3042_2018_2019,3,2018,3042,2019-03-06,278,2019-03-06 12:00:23,41.6735667,0.9478589,spring_migration,true,false,,,Germany,observed,true,2019-03-06,2019-03-06,0
individual_3042_2018_2019,3,2018,3042,2019-03-07,279,2019-03-07 12:00:23,42.2194672,2.2247285,spring_migration,true,false,,,Germany,observed,true,2019-03-07,2019-03-07,0
individual_3042_2018_2019,3,2018,3042,2019-03-08,280,2019-03-08 12:00:23,42.9661965,3.0207156,spring_migration,true,false,,,Germany,observed,true,2019-03-08,2019-03-08,0
individual_3042_2018_2019,3,2018,3042,2019-03-09,281,2019-03-09 18:00:23,45.7337265,5.0018489,spring_migration,true,false,,,Germany,observed,true,2019-03-09,2019-03-09,0
individual_3042_2018_2019,3,2018,3042,2019-03-10,282,2019-03-10 12:00:23,45.9800574,5.133252,spring_migration,true,false,,,Germany,observed,true,2019-03-10,2019-03-10,0
individual_3042_2018_2019,3,2018,3042,2019-03-11,283,2019-03-11 12:00:23,46.3823574,5.784278,spring_migration,true,false,,,Germany,observed,true,2019-03-11,2019-03-11,0
individual_3042_2018_2019,3,2018,3042,2019-03-12,284,2019-03-12 12:00:23,46.8204373,5.8506281,spring_migration,true,false,,,Germany,observed,true,2019-03-12,2019-03-12,0
individual_3042_2018_2019,3,2018,3042,2019-03-13,285,2019-03-13 12:00:23,49.6809738,10.297057,summer_rest,false,true,spring_arrival,Central European breeding region,,observed,true,2019-03-13,2019-03-13,0
individual_3042_2018_2019,3,2018,3042,2019-03-14,286,2019-03-14 12:00:23,49.2015851,10.6529448,summer_rest,false,true,,Central European breeding region,,observed,true,2019-03-14,2019-03-14,0
individual_3042_2018_2019,3,2018,3042,2019-03-15,287,2019-03-15 12:00:23,49.1997566,10.6514752,summer_rest,false,true,,Central European breeding region,,observed,true,2019-03-15,2019-03-15,0
individual_3042_2018_2019,3,2018,3042,2019-03-16,288,2019-03-16 12:00:23,49.2016337,10.6529412,summer_rest,false,true,,Central European breeding region,,observed,true,2019-03-16,2019-03-16,0
individual_3042_2018_2019,3,2018,3042,2019-03-17,289,2019-03-17 12:00:23,49.2016532,10.6529441,summer_rest,false,true,,Central European breeding region,,observed,true,2019-03-17,2019-03-17,0
individual_3042_2018_2019,3,2018,3042,2019-03-18,290,2019-03-18 12:00:23,49.1896235,10.610471,summer_rest,false,true,,Central European breeding region,,observed,true,2019-03-18,2019-03-18,0
individual_3042_2018_2019,3,2018,3042,2019-03-19,291,2019-03-19 12:00:23,49.2031998,10.6052521,summer_rest,false,true,,Central European breeding region,,observed,true,2019-03-19,2019-03-19,0
individual_3042_2018_2019,3,2018,3042,2019-03-20,292,2019-03-20 12:00:23,49.2162318,10.665328,summer_rest,false,true,,Central European breeding region,,observed,true,2019-03-20,2019-03-20,0
individual_3042_2018_2019,3,2018,3042,2019-03-21,293,2019-03-21 12:00:23,49.2270107,10.7258803,summer_rest,false,true,,Central European breeding region,,observed,true,2019-03-21,2019-03-21,0
individual_3042_2018_2019,3,2018,3042,2019-03-22,294,2019-03-22 12:00:23,49.2094705,10.6532793,summer_rest,false,true,,Central European breeding region,,observed,true,2019-03-22,2019-03-22,0
individual_3042_2018_2019,3,2018,3042,2019-03-23,295,2019-03-23 12:00:23,49.2161612,10.6660033,summer_rest,false,true,,Central European breeding region,,observed,true,2019-03-23,2019-03-23,0
individual_3042_2018_2019,3,2018,3042,2019-03-24,296,2019-03-24 12:00:23,49.1813956,10.6778078,summer_rest,false,true,,Central European breeding region,,observed,true,2019-03-24,2019-03-24,0
individual_3042_2018_2019,3,2018,3042,2019-03-25,297,2019-03-25 18:00:23,49.21616,10.6653078,summer_rest,false,true,,Central European breeding region,,observed,true,2019-03-25,2019-03-25,0
individual_3042_2018_2019,3,2018,3042,2019-03-26,298,2019-03-26 12:00:23,49.2161986,10.6653478,summer_rest,false,true,,Central European breeding region,,observed,true,2019-03-26,2019-03-26,0
individual_3042_2018_2019,3,2018,3042,2019-03-27,299,2019-03-27 12:00:23,49.216168,10.6653395,summer_rest,false,true,,Central European breeding region,,observed,true,2019-03-27,2019-03-27,0
individual_3042_2018_2019,3,2018,3042,2019-03-28,300,2019-03-28 12:00:23,49.2148095,10.666547,summer_rest,false,true,,Central European breeding region,,observed,true,2019-03-28,2019-03-28,0
individual_3042_2018_2019,3,2018,3042,2019-03-29,301,2019-03-29 12:00:23,49.216174,10.6653266,summer_rest,false,true,,Central European breeding region,,observed,true,2019-03-29,2019-03-29,0
individual_3042_2018_2019,3,2018,3042,2019-03-30,302,2019-03-30 12:00:23,49.216194,10.6653118,summer_rest,false,true,,Central European breeding region,,observed,true,2019-03-30,2019-03-30,0
individual_3042_2018_2019,3,2018,3042,2019-03-31,303,2019-03-31 02:00:23,49.2162378,10.6653547,summer_rest,false,true,,Central European breeding region,,observed,true,2019-03-31,2019-03-31,0
individual_3042_2018_2019,3,2018,3042,2019-04-01,304,2019-04-01 02:00:23,49.2161678,10.6653494,summer_rest,false,true,,Central European breeding region,,observed,true,2019-04-01,2019-04-01,0
individual_3042_2018_2019,3,2018,3042,2019-04-02,305,2019-04-02 02:00:23,49.2161754,10.6653675,summer_rest,false,true,,Central European breeding region,,observed,true,2019-04-02,2019-04-02,0
individual_3042_2018_2019,3,2018,3042,2019-04-03,306,2019-04-03 02:00:23,49.216209,10.6653259,summer_rest,false,true,,Central European breeding region,,observed,true,2019-04-03,2019-04-03,0
individual_3042_2018_2019,3,2018,3042,2019-04-04,307,2019-04-04 02:00:23,49.2162427,10.6653596,summer_rest,false,true,,Central European breeding region,,observed,true,2019-04-04,2019-04-04,0
individual_3042_2018_2019,3,2018,3042,2019-04-05,308,2019-04-05 02:00:23,49.2161681,10.6653472,summer_rest,false,true,,Central European breeding region,,observed,true,2019-04-05,2019-04-05,0
individual_3042_2018_2019,3,2018,3042,2019-04-06,309,2019-04-06 02:00:23,49.2161812,10.6653551,summer_rest,false,true,,Central European breeding region,,observed,true,2019-04-06,2019-04-06,0
individual_3042_2018_2019,3,2018,3042,2019-04-07,310,2019-04-07 02:00:23,49.2161862,10.6653544,summer_rest,false,true,,Central European breeding region,,observed,true,2019-04-07,2019-04-07,0
individual_3042_2018_2019,3,2018,3042,2019-04-08,311,2019-04-08 02:00:23,49.2161811,10.6653267,summer_rest,false,true,,Central European breeding region,,observed,true,2019-04-08,2019-04-08,0
individual_3042_2018_2019,3,2018,3042,2019-04-09,312,2019-04-09 02:00:23,49.2161587,10.6653339,summer_rest,false,true,,Central European breeding region,,observed,true,2019-04-09,2019-04-09,0
individual_3042_2018_2019,3,2018,3042,2019-04-10,313,2019-04-10 02:00:23,49.2162256,10.6652655,summer_rest,false,true,,Central European breeding region,,observed,true,2019-04-10,2019-04-10,0
individual_3042_2018_2019,3,2018,3042,2019-04-11,314,2019-04-11 02:00:23,49.2161744,10.6653152,summer_rest,false,true,,Central European breeding region,,observed,true,2019-04-11,2019-04-11,0
individual_3042_2018_2019,3,2018,3042,2019-04-12,315,2019-04-12 02:00:23,49.2161948,10.6653209,summer_rest,false,true,,Central European breeding region,,observed,true,2019-04-12,2019-04-12,0
individual_3042_2018_2019,3,2018,3042,2019-04-13,316,2019-04-13 02:00:23,49.2161449,10.6653276,summer_rest,false,true,,Central European breeding region,,observed,true,2019-04-13,2019-04-13,0
individual_3042_2018_2019,3,2018,3042,2019-04-14,317,2019-04-14 02:00:23,49.2162082,10.6653316,summer_rest,false,true,,Central European breeding region,,observed,true,2019-04-14,2019-04-14,0
individual_3042_2018_2019,3,2018,3042,2019-04-15,318,2019-04-15 02:00:23,49.2161779,10.6653612,summer_rest,false,true,,Central European breeding region,,observed,true,2019-04-15,2019-04-15,0
individual_3042_2018_2019,3,2018,3042,2019-04-16,319,2019-04-16 02:00:23,49.2161753,10.665341,summer_rest,false,true,,Central European breeding region,,observed,true,2019-04-16,2019-04-16,0
individual_3042_2018_2019,3,2018,3042,2019-04-17,320,2019-04-17 02:00:23,49.2162539,10.6652876,summer_rest,false,true,,Central European breeding region,,observed,true,2019-04-17,2019-04-17,0
individual_3042_2018_2019,3,2018,3042,2019-04-18,321,2019-04-18 02:00:23,49.2102196,10.6127619,summer_rest,false,true,,Central European breeding region,,observed,true,2019-04-18,2019-04-18,0
individual_3042_2018_2019,3,2018,3042,2019-04-19,322,2019-04-19 02:00:23,49.2580862,10.5338733,summer_rest,false,true,,Central European breeding region,,observed,true,2019-04-19,2019-04-19,0
individual_3042_2018_2019,3,2018,3042,2019-04-20,323,2019-04-20 02:00:23,49.2161853,10.6652788,summer_rest,false,true,,Central European breeding region,,observed,true,2019-04-20,2019-04-20,0
individual_3042_2018_2019,3,2018,3042,2019-04-21,324,2019-04-21 02:00:23,49.2161982,10.6653554,summer_rest,false,true,,Central European breeding region,,observed,true,2019-04-21,2019-04-21,0
individual_3042_2018_2019,3,2018,3042,2019-04-22,325,2019-04-22 02:00:23,49.2161836,10.6653106,summer_rest,false,true,,Central European breeding region,,observed,true,2019-04-22,2019-04-22,0
individual_3042_2018_2019,3,2018,3042,2019-04-23,326,2019-04-23 02:00:23,49.2161709,10.6653288,summer_rest,false,true,,Central European breeding region,,observed,true,2019-04-23,2019-04-23,0
individual_3042_2018_2019,3,2018,3042,2019-04-24,327,2019-04-24 02:00:23,49.21615,10.6653841,summer_rest,false,true,,Central European breeding region,,observed,true,2019-04-24,2019-04-24,0
individual_3042_2018_2019,3,2018,3042,2019-04-25,328,2019-04-25 02:00:23,49.2162296,10.665336,summer_rest,false,true,,Central European breeding region,,observed,true,2019-04-25,2019-04-25,0
individual_3042_2018_2019,3,2018,3042,2019-04-26,329,2019-04-26 02:00:23,49.258106,10.5338669,summer_rest,false,true,,Central European breeding region,,observed,true,2019-04-26,2019-04-26,0
individual_3042_2018_2019,3,2018,3042,2019-04-27,330,2019-04-27 02:00:23,49.2161986,10.6653281,summer_rest,false,true,,Central European breeding region,,observed,true,2019-04-27,2019-04-27,0
individual_3042_2018_2019,3,2018,3042,2019-04-28,331,2019-04-28 02:00:23,49.2161976,10.6653592,summer_rest,false,true,,Central European breeding region,,observed,true,2019-04-28,2019-04-28,0
individual_3042_2018_2019,3,2018,3042,2019-04-29,332,2019-04-29 02:00:23,49.21612,10.6653315,summer_rest,false,true,,Central European breeding region,,observed,true,2019-04-29,2019-04-29,0
individual_3042_2018_2019,3,2018,3042,2019-04-30,333,2019-04-30 02:00:23,49.2161865,10.6654019,summer_rest,false,true,,Central European breeding region,,observed,true,2019-04-30,2019-04-30,0
individual_3042_2018_2019,3,2018,3042,2019-05-01,334,2019-05-01 02:00:23,49.2162214,10.6653641,summer_rest,false,true,,Central European breeding region,,observed,true,2019-05-01,2019-05-01,0
individual_3042_2018_2019,3,2018,3042,2019-05-02,335,2019-05-02 02:00:23,49.2161972,10.6654018,summer_rest,false,true,,Central European breeding region,,observed,true,2019-05-02,2019-05-02,0
individual_3042_2018_2019,3,2018,3042,2019-05-03,336,2019-05-03 02:00:23,49.2161477,10.6653451,summer_rest,false,true,,Central European breeding region,,observed,true,2019-05-03,2019-05-03,0
individual_3042_2018_2019,3,2018,3042,2019-05-04,337,2019-05-04 02:00:23,49.2161947,10.6653374,summer_rest,false,true,,Central European breeding region,,observed,true,2019-05-04,2019-05-04,0
individual_3042_2018_2019,3,2018,3042,2019-05-05,338,2019-05-05 02:00:23,49.2162406,10.6653681,summer_rest,false,true,,Central European breeding region,,observed,true,2019-05-05,2019-05-05,0
individual_3042_2018_2019,3,2018,3042,2019-05-06,339,2019-05-06 02:00:23,49.2161889,10.6652906,summer_rest,false,true,,Central European breeding region,,observed,true,2019-05-06,2019-05-06,0
individual_3042_2018_2019,3,2018,3042,2019-05-07,340,2019-05-07 02:00:23,49.2161608,10.6653544,summer_rest,false,true,,Central European breeding region,,observed,true,2019-05-07,2019-05-07,0
individual_3042_2018_2019,3,2018,3042,2019-05-08,341,2019-05-08 02:00:23,49.216188,10.6652642,summer_rest,false,true,,Central European breeding region,,observed,true,2019-05-08,2019-05-08,0
individual_3042_2018_2019,3,2018,3042,2019-05-09,342,2019-05-09 02:00:23,49.2161845,10.6652682,summer_rest,false,true,,Central European breeding region,,observed,true,2019-05-09,2019-05-09,0
individual_3042_2018_2019,3,2018,3042,2019-05-10,343,2019-05-10 02:00:23,49.2162125,10.6653405,summer_rest,false,true,,Central European breeding region,,observed,true,2019-05-10,2019-05-10,0
individual_3042_2018_2019,3,2018,3042,2019-05-11,344,2019-05-11 02:00:23,49.2161612,10.6652379,summer_rest,false,true,,Central European breeding region,,observed,true,2019-05-11,2019-05-11,0
individual_3042_2018_2019,3,2018,3042,2019-05-12,345,2019-05-12 02:00:23,49.2162124,10.6653184,summer_rest,false,true,,Central European breeding region,,observed,true,2019-05-12,2019-05-12,0
individual_3042_2018_2019,3,2018,3042,2019-05-13,346,2019-05-13 02:00:23,49.2077159,10.5821511,summer_rest,false,true,,Central European breeding region,,observed,true,2019-05-13,2019-05-13,0
individual_3042_2018_2019,3,2018,3042,2019-05-14,347,2019-05-14 02:00:23,49.2162159,10.6653813,summer_rest,false,true,,Central European breeding region,,observed,true,2019-05-14,2019-05-14,0
individual_3042_2018_2019,3,2018,3042,2019-05-15,348,2019-05-15 02:00:23,49.2162046,10.6654229,summer_rest,false,true,,Central European breeding region,,observed,true,2019-05-15,2019-05-15,0
individual_3042_2018_2019,3,2018,3042,2019-05-16,349,2019-05-16 02:00:23,49.2161554,10.6652974,summer_rest,false,true,,Central European breeding region,,observed,true,2019-05-16,2019-05-16,0
individual_3042_2018_2019,3,2018,3042,2019-05-17,350,2019-05-17 02:00:23,49.2162121,10.6653472,summer_rest,false,true,,Central European breeding region,,observed,true,2019-05-17,2019-05-17,0
individual_3042_2018_2019,3,2018,3042,2019-05-18,351,2019-05-18 02:00:23,49.2162105,10.6653566,summer_rest,false,true,,Central European breeding region,,observed,true,2019-05-18,2019-05-18,0
individual_3042_2018_2019,3,2018,3042,2019-05-19,352,2019-05-19 02:00:23,49.2161992,10.6653714,summer_rest,false,true,,Central European breeding region,,observed,true,2019-05-19,2019-05-19,0
individual_3042_2018_2019,3,2018,3042,2019-05-20,353,2019-05-20 02:00:23,49.216171,10.6652663,summer_rest,false,true,,Central European breeding region,,observed,true,2019-05-20,2019-05-20,0
individual_3042_2018_2019,3,2018,3042,2019-05-21,354,2019-05-21 02:00:23,49.216185,10.6653711,summer_rest,false,true,,Central European breeding region,,observed,true,2019-05-21,2019-05-21,0
individual_3042_2018_2019,3,2018,3042,2019-05-22,355,2019-05-22 02:00:23,49.2161944,10.6653183,summer_rest,false,true,,Central European breeding region,,observed,true,2019-05-22,2019-05-22,0
individual_3042_2018_2019,3,2018,3042,2019-05-23,356,2019-05-23 02:00:23,49.2162718,10.6653892,summer_rest,false,true,,Central European breeding region,,observed,true,2019-05-23,2019-05-23,0
individual_3042_2018_2019,3,2018,3042,2019-05-24,357,2019-05-24 02:00:23,49.2162081,10.6653444,summer_rest,false,true,,Central European breeding region,,observed,true,2019-05-24,2019-05-24,0
individual_3042_2018_2019,3,2018,3042,2019-05-25,358,2019-05-25 02:00:23,49.2162091,10.6652259,summer_rest,false,true,,Central European breeding region,,observed,true,2019-05-25,2019-05-25,0
individual_3042_2018_2019,3,2018,3042,2019-05-26,359,2019-05-26 02:00:23,49.2161708,10.6653641,summer_rest,false,true,,Central European breeding region,,observed,true,2019-05-26,2019-05-26,0
individual_3042_2018_2019,3,2018,3042,2019-05-27,360,2019-05-27 02:00:23,49.2162338,10.66532,summer_rest,false,true,,Central European breeding region,,observed,true,2019-05-27,2019-05-27,0
individual_3042_2018_2019,3,2018,3042,2019-05-28,361,2019-05-28 02:00:23,49.2162689,10.6653354,summer_rest,false,true,,Central European breeding region,,observed,true,2019-05-28,2019-05-28,0
individual_3042_2018_2019,3,2018,3042,2019-05-29,362,2019-05-29 02:00:23,49.2162332,10.6653485,summer_rest,false,true,,Central European breeding region,,observed,true,2019-05-29,2019-05-29,0
individual_3042_2018_2019,3,2018,3042,2019-05-30,363,2019-05-30 02:00:23,49.216208,10.6654631,summer_rest,false,true,,Central European breeding region,,observed,true,2019-05-30,2019-05-30,0
individual_3042_2018_2019,3,2018,3042,2019-05-31,364,2019-05-31 02:00:23,49.2162622,10.6653782,summer_rest,false,true,,Central European breeding region,,observed,true,2019-05-31,2019-05-31,0
individual_3042_2020_2021,4,2020,3042,2020-06-01,0,2020-06-01 12:00:23,49.2606046,10.5335024,summer_rest,false,true,,Central European breeding region,,observed,true,2020-06-01,2020-06-01,0
individual_3042_2020_2021,4,2020,3042,2020-06-02,1,2020-06-02 12:00:23,49.2216962,10.6606161,summer_rest,false,true,,Central European breeding region,,observed,true,2020-06-02,2020-06-02,0
individual_3042_2020_2021,4,2020,3042,2020-06-03,2,2020-06-03 12:00:23,49.2161756,10.6653854,summer_rest,false,true,,Central European breeding region,,observed,true,2020-06-03,2020-06-03,0
individual_3042_2020_2021,4,2020,3042,2020-06-04,3,2020-06-04 12:00:23,49.2161775,10.6653128,summer_rest,false,true,,Central European breeding region,,observed,true,2020-06-04,2020-06-04,0
individual_3042_2020_2021,4,2020,3042,2020-06-05,4,2020-06-05 12:00:23,49.2099847,10.6728462,summer_rest,false,true,,Central European breeding region,,observed,true,2020-06-05,2020-06-05,0
individual_3042_2020_2021,4,2020,3042,2020-06-06,5,2020-06-06 12:00:23,49.2118361,10.6680558,summer_rest,false,true,,Central European breeding region,,observed,true,2020-06-06,2020-06-06,0
individual_3042_2020_2021,4,2020,3042,2020-06-07,6,2020-06-07 12:00:23,49.2161907,10.6653498,summer_rest,false,true,,Central European breeding region,,observed,true,2020-06-07,2020-06-07,0
individual_3042_2020_2021,4,2020,3042,2020-06-08,7,2020-06-08 12:00:23,49.2161683,10.6653686,summer_rest,false,true,,Central European breeding region,,observed,true,2020-06-08,2020-06-08,0
individual_3042_2020_2021,4,2020,3042,2020-06-09,8,2020-06-09 12:00:23,49.2162023,10.6654189,summer_rest,false,true,,Central European breeding region,,observed,true,2020-06-09,2020-06-09,0
individual_3042_2020_2021,4,2020,3042,2020-06-10,9,2020-06-10 12:00:23,49.2162209,10.6653313,summer_rest,false,true,,Central European breeding region,,observed,true,2020-06-10,2020-06-10,0
individual_3042_2020_2021,4,2020,3042,2020-06-11,10,2020-06-11 12:00:23,49.2162283,10.6653738,summer_rest,false,true,,Central European breeding region,,observed,true,2020-06-11,2020-06-11,0
individual_3042_2020_2021,4,2020,3042,2020-06-12,11,2020-06-12 12:00:23,49.2161586,10.6653386,summer_rest,false,true,,Central European breeding region,,observed,true,2020-06-12,2020-06-12,0
individual_3042_2020_2021,4,2020,3042,2020-06-13,12,2020-06-13 12:00:23,49.1704441,10.5320981,summer_rest,false,true,,Central European breeding region,,observed,true,2020-06-13,2020-06-13,0
individual_3042_2020_2021,4,2020,3042,2020-06-14,13,2020-06-14 12:00:23,49.2162266,10.6653433,summer_rest,false,true,,Central European breeding region,,observed,true,2020-06-14,2020-06-14,0
individual_3042_2020_2021,4,2020,3042,2020-06-15,14,2020-06-15 12:00:23,49.2161947,10.6653869,summer_rest,false,true,,Central European breeding region,,observed,true,2020-06-15,2020-06-15,0
individual_3042_2020_2021,4,2020,3042,2020-06-16,15,2020-06-16 12:00:23,49.2077732,10.6781135,summer_rest,false,true,,Central European breeding region,,observed,true,2020-06-16,2020-06-16,0
individual_3042_2020_2021,4,2020,3042,2020-06-17,16,2020-06-17 12:00:23,49.2116172,10.6741828,summer_rest,false,true,,Central European breeding region,,observed,true,2020-06-17,2020-06-17,0
individual_3042_2020_2021,4,2020,3042,2020-06-18,17,2020-06-18 12:00:23,49.2161952,10.6653486,summer_rest,false,true,,Central European breeding region,,observed,true,2020-06-18,2020-06-18,0
individual_3042_2020_2021,4,2020,3042,2020-06-19,18,2020-06-19 12:00:23,49.2161948,10.6653439,summer_rest,false,true,,Central European breeding region,,observed,true,2020-06-19,2020-06-19,0
individual_3042_2020_2021,4,2020,3042,2020-06-20,19,2020-06-20 12:00:23,49.2613067,10.5334363,summer_rest,false,true,,Central European breeding region,,observed,true,2020-06-20,2020-06-20,0
individual_3042_2020_2021,4,2020,3042,2020-06-21,20,2020-06-21 12:00:23,49.2161789,10.665364,summer_rest,false,true,,Central European breeding region,,observed,true,2020-06-21,2020-06-21,0
individual_3042_2020_2021,4,2020,3042,2020-06-22,21,2020-06-22 12:00:23,49.2161672,10.6653914,summer_rest,false,true,,Central European breeding region,,observed,true,2020-06-22,2020-06-22,0
individual_3042_2020_2021,4,2020,3042,2020-06-23,22,2020-06-23 12:00:23,49.2213045,10.6603302,summer_rest,false,true,,Central European breeding region,,observed,true,2020-06-23,2020-06-23,0
individual_3042_2020_2021,4,2020,3042,2020-06-24,23,2020-06-24 12:00:23,49.2161662,10.6653297,summer_rest,false,true,,Central European breeding region,,observed,true,2020-06-24,2020-06-24,0
individual_3042_2020_2021,4,2020,3042,2020-06-25,24,2020-06-25 12:00:23,49.2111574,10.6731782,summer_rest,false,true,,Central European breeding region,,observed,true,2020-06-25,2020-06-25,0
individual_3042_2020_2021,4,2020,3042,2020-06-26,25,2020-06-26 12:00:23,49.2161779,10.6653565,summer_rest,false,true,,Central European breeding region,,observed,true,2020-06-26,2020-06-26,0
individual_3042_2020_2021,4,2020,3042,2020-06-27,26,2020-06-27 12:00:23,49.2161955,10.6653441,summer_rest,false,true,,Central European breeding region,,observed,true,2020-06-27,2020-06-27,0
individual_3042_2020_2021,4,2020,3042,2020-06-28,27,2020-06-28 12:00:23,49.2161657,10.6652292,summer_rest,false,true,,Central European breeding region,,observed,true,2020-06-28,2020-06-28,0
individual_3042_2020_2021,4,2020,3042,2020-06-29,28,2020-06-29 12:00:23,49.2139313,10.6685338,summer_rest,false,true,,Central European breeding region,,observed,true,2020-06-29,2020-06-29,0
individual_3042_2020_2021,4,2020,3042,2020-06-30,29,2020-06-30 12:00:23,49.2119435,10.7032547,summer_rest,false,true,,Central European breeding region,,observed,true,2020-06-30,2020-06-30,0
individual_3042_2020_2021,4,2020,3042,2020-07-01,30,2020-07-01 12:00:23,49.2161777,10.6653749,summer_rest,false,true,,Central European breeding region,,observed,true,2020-07-01,2020-07-01,0
individual_3042_2020_2021,4,2020,3042,2020-07-02,31,2020-07-02 12:00:23,49.2161759,10.6652926,summer_rest,false,true,,Central European breeding region,,observed,true,2020-07-02,2020-07-02,0
individual_3042_2020_2021,4,2020,3042,2020-07-03,32,2020-07-03 12:00:23,49.213292,10.6711229,summer_rest,false,true,,Central European breeding region,,observed,true,2020-07-03,2020-07-03,0
individual_3042_2020_2021,4,2020,3042,2020-07-04,33,2020-07-04 12:00:23,49.216124,10.6652406,summer_rest,false,true,,Central European breeding region,,observed,true,2020-07-04,2020-07-04,0
individual_3042_2020_2021,4,2020,3042,2020-07-05,34,2020-07-05 12:00:23,49.2226748,10.6647372,summer_rest,false,true,,Central European breeding region,,observed,true,2020-07-05,2020-07-05,0
individual_3042_2020_2021,4,2020,3042,2020-07-06,35,2020-07-06 12:00:23,49.2148119,10.6648802,summer_rest,false,true,,Central European breeding region,,observed,true,2020-07-06,2020-07-06,0
individual_3042_2020_2021,4,2020,3042,2020-07-07,36,2020-07-07 12:00:23,49.2277047,10.6278202,summer_rest,false,true,,Central European breeding region,,observed,true,2020-07-07,2020-07-07,0
individual_3042_2020_2021,4,2020,3042,2020-07-08,37,2020-07-08 18:00:23,49.222418,10.6602589,summer_rest,false,true,,Central European breeding region,,observed,true,2020-07-08,2020-07-08,0
individual_3042_2020_2021,4,2020,3042,2020-07-09,38,2020-07-09 18:00:23,49.2160579,10.6651637,summer_rest,false,true,,Central European breeding region,,observed,true,2020-07-09,2020-07-09,0
individual_3042_2020_2021,4,2020,3042,2020-07-10,39,2020-07-10 12:00:23,49.2145059,10.6643555,summer_rest,false,true,,Central European breeding region,,observed,true,2020-07-10,2020-07-10,0
individual_3042_2020_2021,4,2020,3042,2020-07-11,40,2020-07-11 12:00:23,49.2207514,10.6607903,summer_rest,false,true,,Central European breeding region,,observed,true,2020-07-11,2020-07-11,0
individual_3042_2020_2021,4,2020,3042,2020-07-12,41,2020-07-12 12:00:23,49.2614907,10.5330043,summer_rest,false,true,,Central European breeding region,,observed,true,2020-07-12,2020-07-12,0
individual_3042_2020_2021,4,2020,3042,2020-07-13,42,2020-07-13 12:00:23,49.2160639,10.6650833,summer_rest,false,true,,Central European breeding region,,observed,true,2020-07-13,2020-07-13,0
individual_3042_2020_2021,4,2020,3042,2020-07-14,43,2020-07-14 12:00:23,49.2131335,10.6714909,summer_rest,false,true,,Central European breeding region,,observed,true,2020-07-14,2020-07-14,0
individual_3042_2020_2021,4,2020,3042,2020-07-15,44,2020-07-15 12:00:23,49.2128399,10.6714714,summer_rest,false,true,,Central European breeding region,,observed,true,2020-07-15,2020-07-15,0
individual_3042_2020_2021,4,2020,3042,2020-07-16,45,2020-07-16 12:00:23,49.214968,10.6657045,summer_rest,false,true,,Central European breeding region,,observed,true,2020-07-16,2020-07-16,0
individual_3042_2020_2021,4,2020,3042,2020-07-17,46,2020-07-17 12:00:23,49.2212116,10.657034,summer_rest,false,true,,Central European breeding region,,observed,true,2020-07-17,2020-07-17,0
individual_3042_2020_2021,4,2020,3042,2020-07-18,47,2020-07-18 12:00:23,49.1798212,10.695474,summer_rest,false,true,,Central European breeding region,,observed,true,2020-07-18,2020-07-18,0
individual_3042_2020_2021,4,2020,3042,2020-07-19,48,2020-07-19 12:00:23,49.2207927,10.66199,summer_rest,false,true,,Central European breeding region,,observed,true,2020-07-19,2020-07-19,0
individual_3042_2020_2021,4,2020,3042,2020-07-20,49,2020-07-20 12:00:23,49.1666211,10.6956432,summer_rest,false,true,,Central European breeding region,,observed,true,2020-07-20,2020-07-20,0
individual_3042_2020_2021,4,2020,3042,2020-07-21,50,2020-07-21 12:00:23,49.2157347,10.6666132,summer_rest,false,true,,Central European breeding region,,observed,true,2020-07-21,2020-07-21,0
individual_3042_2020_2021,4,2020,3042,2020-07-22,51,2020-07-22 12:00:23,49.2158536,10.6659068,summer_rest,false,true,,Central European breeding region,,observed,true,2020-07-22,2020-07-22,0
individual_3042_2020_2021,4,2020,3042,2020-07-23,52,2020-07-23 12:00:23,49.192958,10.6993084,summer_rest,false,true,,Central European breeding region,,observed,true,2020-07-23,2020-07-23,0
individual_3042_2020_2021,4,2020,3042,2020-07-24,53,2020-07-24 12:00:23,49.215544,10.6664992,summer_rest,false,true,,Central European breeding region,,observed,true,2020-07-24,2020-07-24,0
individual_3042_2020_2021,4,2020,3042,2020-07-25,54,2020-07-25 12:00:23,49.2155426,10.6664378,summer_rest,false,true,,Central European breeding region,,observed,true,2020-07-25,2020-07-25,0
individual_3042_2020_2021,4,2020,3042,2020-07-26,55,2020-07-26 12:00:23,49.210515,10.6699625,summer_rest,false,true,,Central European breeding region,,observed,true,2020-07-26,2020-07-26,0
individual_3042_2020_2021,4,2020,3042,2020-07-27,56,2020-07-27 12:00:23,49.2146341,10.665318,summer_rest,false,true,,Central European breeding region,,observed,true,2020-07-27,2020-07-27,0
individual_3042_2020_2021,4,2020,3042,2020-07-28,57,2020-07-28 12:00:23,49.2106231,10.6761498,summer_rest,false,true,,Central European breeding region,,observed,true,2020-07-28,2020-07-28,0
individual_3042_2020_2021,4,2020,3042,2020-07-29,58,2020-07-29 12:00:23,49.2118626,10.6709029,summer_rest,false,true,,Central European breeding region,,observed,true,2020-07-29,2020-07-29,0
individual_3042_2020_2021,4,2020,3042,2020-07-30,59,2020-07-30 12:00:23,49.2047108,10.6794963,summer_rest,false,true,,Central European breeding region,,observed,true,2020-07-30,2020-07-30,0
individual_3042_2020_2021,4,2020,3042,2020-07-31,60,2020-07-31 12:00:23,49.213585,10.6693378,summer_rest,false,true,,Central European breeding region,,observed,true,2020-07-31,2020-07-31,0
individual_3042_2020_2021,4,2020,3042,2020-08-01,61,2020-08-01 12:00:23,49.2160138,10.665134,summer_rest,false,true,,Central European breeding region,,observed,true,2020-08-01,2020-08-01,0
individual_3042_2020_2021,4,2020,3042,2020-08-02,62,2020-08-02 12:00:23,49.2189842,10.6661991,summer_rest,false,true,,Central European breeding region,,observed,true,2020-08-02,2020-08-02,0
individual_3042_2020_2021,4,2020,3042,2020-08-03,63,2020-08-03 12:00:23,49.2090216,10.6710187,summer_rest,false,true,,Central European breeding region,,observed,true,2020-08-03,2020-08-03,0
individual_3042_2020_2021,4,2020,3042,2020-08-04,64,2020-08-04 12:00:23,49.2051276,10.6782785,summer_rest,false,true,,Central European breeding region,,observed,true,2020-08-04,2020-08-04,0
individual_3042_2020_2021,4,2020,3042,2020-08-05,65,2020-08-05 12:00:23,49.2115536,10.6699425,summer_rest,false,true,,Central European breeding region,,observed,true,2020-08-05,2020-08-05,0
individual_3042_2020_2021,4,2020,3042,2020-08-06,66,2020-08-06 12:00:23,49.2046158,10.6796091,summer_rest,false,true,,Central European breeding region,,observed,true,2020-08-06,2020-08-06,0
individual_3042_2020_2021,4,2020,3042,2020-08-07,67,2020-08-07 12:00:23,49.2045731,10.6797467,summer_rest,false,true,,Central European breeding region,,observed,true,2020-08-07,2020-08-07,0
individual_3042_2020_2021,4,2020,3042,2020-08-08,68,2020-08-08 12:00:23,49.2161639,10.6653424,summer_rest,false,true,,Central European breeding region,,observed,true,2020-08-08,2020-08-08,0
individual_3042_2020_2021,4,2020,3042,2020-08-09,69,2020-08-09 12:00:23,49.2045964,10.6797501,summer_rest,false,true,,Central European breeding region,,observed,true,2020-08-09,2020-08-09,0
individual_3042_2020_2021,4,2020,3042,2020-08-10,70,2020-08-10 12:00:23,49.1953703,10.691095,summer_rest,false,true,,Central European breeding region,,observed,true,2020-08-10,2020-08-10,0
individual_3042_2020_2021,4,2020,3042,2020-08-11,71,2020-08-11 12:00:23,49.2050595,10.6919584,summer_rest,false,true,,Central European breeding region,,observed,true,2020-08-11,2020-08-11,0
individual_3042_2020_2021,4,2020,3042,2020-08-12,72,2020-08-12 12:00:23,49.2046121,10.6794992,summer_rest,false,true,,Central European breeding region,,observed,true,2020-08-12,2020-08-12,0
individual_3042_2020_2021,4,2020,3042,2020-08-13,73,2020-08-13 12:00:23,49.2046631,10.6792575,summer_rest,false,true,,Central European breeding region,,observed,true,2020-08-13,2020-08-13,0
individual_3042_2020_2021,4,2020,3042,2020-08-14,74,2020-08-14 12:00:23,49.2153497,10.6662871,summer_rest,false,true,,Central European breeding region,,observed,true,2020-08-14,2020-08-14,0
individual_3042_2020_2021,4,2020,3042,2020-08-15,75,2020-08-15 12:00:23,49.2151683,10.6660739,summer_rest,false,true,,Central European breeding region,,observed,true,2020-08-15,2020-08-15,0
individual_3042_2020_2021,4,2020,3042,2020-08-16,76,2020-08-16 12:00:23,49.2149117,10.6654269,summer_rest,false,true,,Central European breeding region,,observed,true,2020-08-16,2020-08-16,0
individual_3042_2020_2021,4,2020,3042,2020-08-17,77,2020-08-17 12:00:23,49.2032194,10.6850731,summer_rest,false,true,,Central European breeding region,,observed,true,2020-08-17,2020-08-17,0
individual_3042_2020_2021,4,2020,3042,2020-08-18,78,2020-08-18 12:00:23,49.2147499,10.6648324,summer_rest,false,true,,Central European breeding region,,observed,true,2020-08-18,2020-08-18,0
individual_3042_2020_2021,4,2020,3042,2020-08-19,79,2020-08-19 12:00:23,49.2037182,10.6826767,summer_rest,false,true,,Central European breeding region,,observed,true,2020-08-19,2020-08-19,0
individual_3042_2020_2021,4,2020,3042,2020-08-20,80,2020-08-20 12:00:23,49.2139085,10.6689496,summer_rest,false,true,,Central European breeding region,,observed,true,2020-08-20,2020-08-20,0
individual_3042_2020_2021,4,2020,3042,2020-08-21,81,2020-08-21 12:00:23,49.2150375,10.6652453,summer_rest,false,true,,Central European breeding region,,observed,true,2020-08-21,2020-08-21,0
individual_3042_2020_2021,4,2020,3042,2020-08-22,82,2020-08-22 12:00:23,49.2160634,10.6651182,summer_rest,false,true,,Central European breeding region,,observed,true,2020-08-22,2020-08-22,0
individual_3042_2020_2021,4,2020,3042,2020-08-23,83,2020-08-23 12:00:23,49.2098987,10.6713175,summer_rest,false,true,,Central European breeding region,,observed,true,2020-08-23,2020-08-23,0
individual_3042_2020_2021,4,2020,3042,2020-08-24,84,2020-08-24 12:00:23,49.2135492,10.6703204,summer_rest,false,true,,Central European breeding region,,observed,true,2020-08-24,2020-08-24,0
individual_3042_2020_2021,4,2020,3042,2020-08-25,85,2020-08-25 12:00:23,49.2161575,10.6653452,summer_rest,false,true,,Central European breeding region,,observed,true,2020-08-25,2020-08-25,0
individual_3042_2020_2021,4,2020,3042,2020-08-26,86,2020-08-26 12:00:23,49.2161938,10.6654022,summer_rest,false,true,,Central European breeding region,,observed,true,2020-08-26,2020-08-26,0
individual_3042_2020_2021,4,2020,3042,2020-08-27,87,2020-08-27 12:00:23,49.1767841,10.6666139,summer_rest,false,true,,Central European breeding region,,observed,true,2020-08-27,2020-08-27,0
individual_3042_2020_2021,4,2020,3042,2020-08-28,88,2020-08-28 12:00:23,49.1773746,10.6938876,summer_rest,false,true,,Central European breeding region,,observed,true,2020-08-28,2020-08-28,0
individual_3042_2020_2021,4,2020,3042,2020-08-29,89,2020-08-29 12:00:23,49.2148211,10.6653518,summer_rest,false,true,,Central European breeding region,,observed,true,2020-08-29,2020-08-29,0
individual_3042_2020_2021,4,2020,3042,2020-08-30,90,2020-08-30 12:00:23,49.2117882,10.6732869,summer_rest,false,true,,Central European breeding region,,observed,true,2020-08-30,2020-08-30,0
individual_3042_2020_2021,4,2020,3042,2020-08-31,91,2020-08-31 12:00:23,49.2151691,10.6663515,summer_rest,false,true,,Central European breeding region,,observed,true,2020-08-31,2020-08-31,0
individual_3042_2020_2021,4,2020,3042,2020-09-01,92,2020-09-01 12:00:23,49.2077151,10.6751905,summer_rest,false,true,,Central European breeding region,,observed,true,2020-09-01,2020-09-01,0
individual_3042_2020_2021,4,2020,3042,2020-09-02,93,2020-09-02 12:00:23,49.2148598,10.6667353,summer_rest,false,true,,Central European breeding region,,observed,true,2020-09-02,2020-09-02,0
individual_3042_2020_2021,4,2020,3042,2020-09-03,94,2020-09-03 12:00:23,49.1749105,10.6263254,summer_rest,false,true,,Central European breeding region,,observed,true,2020-09-03,2020-09-03,0
individual_3042_2020_2021,4,2020,3042,2020-09-04,95,2020-09-04 12:00:23,49.1735359,10.6993101,summer_rest,false,true,,Central European breeding region,,observed,true,2020-09-04,2020-09-04,0
individual_3042_2020_2021,4,2020,3042,2020-09-05,96,2020-09-05 12:00:23,49.1934491,10.6454718,summer_rest,false,true,,Central European breeding region,,observed,true,2020-09-05,2020-09-05,0
individual_3042_2020_2021,4,2020,3042,2020-09-06,97,2020-09-06 18:00:23,48.0079827,8.5898661,autumn_migration,true,false,autumn_departure,,Spain,observed,true,2020-09-06,2020-09-06,0
individual_3042_2020_2021,4,2020,3042,2020-09-07,98,2020-09-07 12:00:23,47.4863627,7.0904041,autumn_migration,true,false,,,Spain,observed,true,2020-09-07,2020-09-07,0
individual_3042_2020_2021,4,2020,3042,2020-09-08,99,2020-09-08 12:00:23,44.9720459,4.8739457,autumn_migration,true,false,,,Spain,observed,true,2020-09-08,2020-09-08,0
individual_3042_2020_2021,4,2020,3042,2020-09-09,100,2020-09-09 12:00:23,43.2253973,3.1325085,autumn_migration,true,false,,,Spain,observed,true,2020-09-09,2020-09-09,0
individual_3042_2020_2021,4,2020,3042,2020-09-10,101,2020-09-10 12:00:23,41.9404416,2.2486384,autumn_migration,true,false,,,Spain,observed,true,2020-09-10,2020-09-10,0
individual_3042_2020_2021,4,2020,3042,2020-09-11,102,2020-09-11 12:00:23,41.4905836,-0.1827286,autumn_migration,true,false,,,Spain,observed,true,2020-09-11,2020-09-11,0
individual_3042_2020_2021,4,2020,3042,2020-09-12,103,2020-09-12 12:00:23,41.580794,-0.9031138,autumn_migration,true,false,,,Spain,observed,true,2020-09-12,2020-09-12,0
individual_3042_2020_2021,4,2020,3042,2020-09-13,104,2020-09-13 12:00:23,40.3097762,-3.6072873,winter_rest,false,true,autumn_arrival,Spain / Iberia,Spain,observed,true,2020-09-13,2020-09-13,0
individual_3042_2020_2021,4,2020,3042,2020-09-14,105,2020-09-14 12:00:23,40.3080926,-3.5848783,winter_rest,false,true,,Spain / Iberia,Spain,observed,true,2020-09-14,2020-09-14,0
individual_3042_2020_2021,4,2020,3042,2020-09-15,106,2020-09-15 12:00:23,40.3097568,-3.607919,winter_rest,false,true,,Spain / Iberia,Spain,observed,true,2020-09-15,2020-09-15,0
individual_3042_2020_2021,4,2020,3042,2020-09-16,107,2020-09-16 12:00:23,40.3085706,-3.5890625,winter_rest,false,true,,Spain / Iberia,Spain,observed,true,2020-09-16,2020-09-16,0
individual_3042_2020_2021,4,2020,3042,2020-09-17,108,2020-09-17 12:00:23,40.3231061,-3.590579,winter_rest,false,true,,Spain / Iberia,Spain,observed,true,2020-09-17,2020-09-17,0
individual_3042_2020_2021,4,2020,3042,2020-09-18,109,2020-09-18 12:00:23,40.3079932,-3.5964602,winter_rest,false,true,,Spain / Iberia,Spain,observed,true,2020-09-18,2020-09-18,0
individual_3042_2020_2021,4,2020,3042,2020-09-19,110,2020-09-19 12:00:23,40.3093627,-3.5957324,winter_rest,false,true,,Spain / Iberia,Spain,observed,true,2020-09-19,2020-09-19,0
individual_3042_2020_2021,4,2020,3042,2020-09-20,111,2020-09-20 12:00:23,40.327205,-3.5978491,winter_rest,false,true,,Spain / Iberia,Spain,observed,true,2020-09-20,2020-09-20,0
individual_3042_2020_2021,4,2020,3042,2020-09-21,112,2020-09-21 12:00:23,40.2595253,-3.6375911,winter_rest,false,true,,Spain / Iberia,Spain,observed,true,2020-09-21,2020-09-21,0
individual_3042_2020_2021,4,2020,3042,2020-09-22,113,2020-09-22 12:00:23,40.3088927,-3.600082,winter_rest,false,true,,Spain / Iberia,Spain,observed,true,2020-09-22,2020-09-22,0
individual_3042_2020_2021,4,2020,3042,2020-09-23,114,2020-09-23 12:00:23,40.3148238,-3.625499,winter_rest,false,true,,Spain / Iberia,Spain,observed,true,2020-09-23,2020-09-23,0
individual_3042_2020_2021,4,2020,3042,2020-09-24,115,2020-09-24 12:00:23,40.3276281,-3.5980836,winter_rest,false,true,,Spain / Iberia,Spain,observed,true,2020-09-24,2020-09-24,0
individual_3042_2020_2021,4,2020,3042,2020-09-25,116,2020-09-25 12:00:23,40.3145846,-3.6254633,winter_rest,false,true,,Spain / Iberia,Spain,observed,true,2020-09-25,2020-09-25,0
individual_3042_2020_2021,4,2020,3042,2020-09-26,117,2020-09-26 12:00:23,40.3144005,-3.6247942,winter_rest,false,true,,Spain / Iberia,Spain,observed,true,2020-09-26,2020-09-26,0
individual_3042_2020_2021,4,2020,3042,2020-09-27,118,2020-09-27 12:00:23,40.314497,-3.6247543,winter_rest,false,true,,Spain / Iberia,Spain,observed,true,2020-09-27,2020-09-27,0
individual_3042_2020_2021,4,2020,3042,2020-09-28,119,2020-09-28 12:00:23,40.3142288,-3.625796,winter_rest,false,true,,Spain / Iberia,Spain,observed,true,2020-09-28,2020-09-28,0
individual_3042_2020_2021,4,2020,3042,2020-09-29,120,2020-09-29 12:00:23,40.3157659,-3.6221086,winter_rest,false,true,,Spain / Iberia,Spain,observed,true,2020-09-29,2020-09-29,0
individual_3042_2020_2021,4,2020,3042,2020-09-30,121,2020-09-30 12:00:23,40.314013,-3.6261026,winter_rest,false,true,,Spain / Iberia,Spain,observed,true,2020-09-30,2020-09-30,0
individual_3042_2020_2021,4,2020,3042,2020-10-01,122,2020-10-01 18:00:50,40.3338285,-3.5989854,winter_rest,false,true,,Spain / Iberia,Spain,observed,true,2020-10-01,2020-10-01,0
individual_3042_2020_2021,4,2020,3042,2020-10-02,123,2020-10-02 12:00:23,40.3217095,-3.5906289,winter_rest,false,true,,Spain / Iberia,Spain,observed,true,2020-10-02,2020-10-02,0
individual_3042_2020_2021,4,2020,3042,2020-10-03,124,2020-10-03 12:00:23,40.3154305,-3.6233227,winter_rest,false,true,,Spain / Iberia,Spain,observed,true,2020-10-03,2020-10-03,0
individual_3042_2020_2021,4,2020,3042,2020-10-04,125,2020-10-04 12:00:23,40.3159935,-3.619577,winter_rest,false,true,,Spain / Iberia,Spain,observed,true,2020-10-04,2020-10-04,0
individual_3042_2020_2021,4,2020,3042,2020-10-05,126,2020-10-05 12:00:23,40.3155089,-3.6218696,winter_rest,false,true,,Spain / Iberia,Spain,observed,true,2020-10-05,2020-10-05,0
individual_3042_2020_2021,4,2020,3042,2020-10-06,127,2020-10-06 12:00:23,40.3149918,-3.6255192,winter_rest,false,true,,Spain / Iberia,Spain,observed,true,2020-10-06,2020-10-06,0
individual_3042_2020_2021,4,2020,3042,2020-10-07,128,2020-10-07 12:00:23,40.3189027,-3.5885195,winter_rest,false,true,,Spain / Iberia,Spain,observed,true,2020-10-07,2020-10-07,0
individual_3042_2020_2021,4,2020,3042,2020-10-08,129,2020-10-08 12:00:23,40.3153462,-3.6232105,winter_rest,false,true,,Spain / Iberia,Spain,observed,true,2020-10-08,2020-10-08,0
individual_3042_2020_2021,4,2020,3042,2020-10-09,130,2020-10-09 12:00:23,40.3100769,-3.6094208,winter_rest,false,true,,Spain / Iberia,Spain,observed,true,2020-10-09,2020-10-09,0
individual_3042_2020_2021,4,2020,3042,2020-10-10,131,2020-10-10 12:00:23,40.3272745,-3.5983854,winter_rest,false,true,,Spain / Iberia,Spain,observed,true,2020-10-10,2020-10-10,0
individual_3042_2020_2021,4,2020,3042,2020-10-11,132,2020-10-11 12:00:23,40.3159,-3.6184963,winter_rest,false,true,,Spain / Iberia,Spain,observed,true,2020-10-11,2020-10-11,0
individual_3042_2020_2021,4,2020,3042,2020-10-12,133,2020-10-12 12:00:23,40.3150609,-3.6251497,winter_rest,false,true,,Spain / Iberia,Spain,observed,true,2020-10-12,2020-10-12,0
individual_3042_2020_2021,4,2020,3042,2020-10-13,134,2020-10-13 12:00:23,40.31406,-3.6262577,winter_rest,false,true,,Spain / Iberia,Spain,observed,true,2020-10-13,2020-10-13,0
individual_3042_2020_2021,4,2020,3042,2020-10-14,135,2020-10-14 12:00:23,40.3141023,-3.626612,winter_rest,false,true,,Spain / Iberia,Spain,observed,true,2020-10-14,2020-10-14,0
individual_3042_2020_2021,4,2020,3042,2020-10-15,136,2020-10-15 12:00:23,40.3172353,-3.6272522,winter_rest,false,true,,Spain / Iberia,Spain,observed,true,2020-10-15,2020-10-15,0
individual_3042_2020_2021,4,2020,3042,2020-10-16,137,2020-10-16 12:00:23,40.3151605,-3.6241459,winter_rest,false,true,,Spain / Iberia,Spain,observed,true,2020-10-16,2020-10-16,0
individual_3042_2020_2021,4,2020,3042,2020-10-17,138,2020-10-17 12:00:23,40.3153782,-3.6230395,winter_rest,false,true,,Spain / Iberia,Spain,observed,true,2020-10-17,2020-10-17,0
individual_3042_2020_2021,4,2020,3042,2020-10-18,139,2020-10-18 12:00:23,40.3160638,-3.6269045,winter_rest,false,true,,Spain / Iberia,Spain,observed,true,2020-10-18,2020-10-18,0
individual_3042_2020_2021,4,2020,3042,2020-10-19,140,2020-10-19 12:00:23,40.3144853,-3.6241681,winter_rest,false,true,,Spain / Iberia,Spain,observed,true,2020-10-19,2020-10-19,0
individual_3042_2020_2021,4,2020,3042,2020-10-20,141,2020-10-20 12:00:23,40.3211964,-3.5901192,winter_rest,false,true,,Spain / Iberia,Spain,observed,true,2020-10-20,2020-10-20,0
individual_3042_2020_2021,4,2020,3042,2020-10-21,142,2020-10-21 18:00:23,40.3334314,-3.5995371,winter_rest,false,true,,Spain / Iberia,Spain,observed,true,2020-10-21,2020-10-21,0
individual_3042_2020_2021,4,2020,3042,2020-10-22,143,2020-10-22 12:00:23,40.3184821,-3.5884852,winter_rest,false,true,,Spain / Iberia,Spain,observed,true,2020-10-22,2020-10-22,0
individual_3042_2020_2021,4,2020,3042,2020-10-23,144,2020-10-23 12:00:23,40.309905,-3.6100221,winter_rest,false,true,,Spain / Iberia,Spain,observed,true,2020-10-23,2020-10-23,0
individual_3042_2020_2021,4,2020,3042,2020-10-24,145,2020-10-24 18:00:23,40.3344491,-3.5996754,winter_rest,false,true,,Spain / Iberia,Spain,observed,true,2020-10-24,2020-10-24,0
individual_3042_2020_2021,4,2020,3042,2020-10-25,146,2020-10-25 12:00:23,40.3339868,-3.6001541,winter_rest,false,true,,Spain / Iberia,Spain,observed,true,2020-10-25,2020-10-25,0
individual_3042_2020_2021,4,2020,3042,2020-10-26,147,2020-10-26 12:00:23,40.327595,-3.5966089,winter_rest,false,true,,Spain / Iberia,Spain,observed,true,2020-10-26,2020-10-26,0
individual_3042_2020_2021,4,2020,3042,2020-10-27,148,2020-10-27 12:00:23,40.3159301,-3.6194545,winter_rest,false,true,,Spain / Iberia,Spain,observed,true,2020-10-27,2020-10-27,0
individual_3042_2020_2021,4,2020,3042,2020-10-28,149,2020-10-28 12:00:23,40.3206269,-3.5905682,winter_rest,false,true,,Spain / Iberia,Spain,observed,true,2020-10-28,2020-10-28,0
individual_3042_2020_2021,4,2020,3042,2020-10-29,150,2020-10-29 12:00:23,40.3286949,-3.5976364,winter_rest,false,true,,Spain / Iberia,Spain,observed,true,2020-10-29,2020-10-29,0
individual_3042_2020_2021,4,2020,3042,2020-10-30,151,2020-10-30 12:00:23,40.3225779,-3.6350503,winter_rest,false,true,,Spain / Iberia,Spain,observed,true,2020-10-30,2020-10-30,0
individual_3042_2020_2021,4,2020,3042,2020-10-31,152,2020-10-31 12:00:23,40.3078228,-3.6106445,winter_rest,false,true,,Spain / Iberia,Spain,observed,true,2020-10-31,2020-10-31,0
individual_3042_2020_2021,4,2020,3042,2020-11-01,153,2020-11-01 12:00:23,40.3172899,-3.6265868,winter_rest,false,true,,Spain / Iberia,Spain,observed,true,2020-11-01,2020-11-01,0
individual_3042_2020_2021,4,2020,3042,2020-11-02,154,2020-11-02 12:00:23,40.3093642,-3.5956261,winter_rest,false,true,,Spain / Iberia,Spain,observed,true,2020-11-02,2020-11-02,0
individual_3042_2020_2021,4,2020,3042,2020-11-03,155,2020-11-03 12:00:23,40.3273398,-3.5991179,winter_rest,false,true,,Spain / Iberia,Spain,observed,true,2020-11-03,2020-11-03,0
individual_3042_2020_2021,4,2020,3042,2020-11-04,156,2020-11-04 12:00:23,40.317233,-3.6212403,winter_rest,false,true,,Spain / Iberia,Spain,observed,true,2020-11-04,2020-11-04,0
individual_3042_2020_2021,4,2020,3042,2020-11-05,157,2020-11-05 12:00:23,40.3218199,-3.5903865,winter_rest,false,true,,Spain / Iberia,Spain,observed,true,2020-11-05,2020-11-05,0
individual_3042_2020_2021,4,2020,3042,2020-11-06,158,2020-11-06 12:00:23,40.3286792,-3.5965652,winter_rest,false,true,,Spain / Iberia,Spain,observed,true,2020-11-06,2020-11-06,0
individual_3042_2020_2021,4,2020,3042,2020-11-07,159,2020-11-07 12:00:23,40.3077528,-3.5920775,winter_rest,false,true,,Spain / Iberia,Spain,observed,true,2020-11-07,2020-11-07,0
individual_3042_2020_2021,4,2020,3042,2020-11-08,160,2020-11-08 12:00:23,40.3285547,-3.606096,winter_rest,false,true,,Spain / Iberia,Spain,observed,true,2020-11-08,2020-11-08,0
individual_3042_2020_2021,4,2020,3042,2020-11-09,161,2020-11-09 12:00:23,40.3240081,-3.5888524,winter_rest,false,true,,Spain / Iberia,Spain,observed,true,2020-11-09,2020-11-09,0
individual_3042_2020_2021,4,2020,3042,2020-11-10,162,2020-11-10 12:00:23,40.3273497,-3.5973784,winter_rest,false,true,,Spain / Iberia,Spain,observed,true,2020-11-10,2020-11-10,0
individual_3042_2020_2021,4,2020,3042,2020-11-11,163,2020-11-11 12:00:23,40.3160243,-3.6185904,winter_rest,false,true,,Spain / Iberia,Spain,observed,true,2020-11-11,2020-11-11,0
individual_3042_2020_2021,4,2020,3042,2020-11-12,164,2020-11-12 18:00:23,40.3337784,-3.599336,winter_rest,false,true,,Spain / Iberia,Spain,observed,true,2020-11-12,2020-11-12,0
individual_3042_2020_2021,4,2020,3042,2020-11-13,165,2020-11-13 12:00:23,40.3274977,-3.5968674,winter_rest,false,true,,Spain / Iberia,Spain,observed,true,2020-11-13,2020-11-13,0
individual_3042_2020_2021,4,2020,3042,2020-11-14,166,2020-11-14 12:00:23,40.3341035,-3.6002179,winter_rest,false,true,,Spain / Iberia,Spain,observed,true,2020-11-14,2020-11-14,0
individual_3042_2020_2021,4,2020,3042,2020-11-15,167,2020-11-15 12:00:23,40.33432,-3.6002947,winter_rest,false,true,,Spain / Iberia,Spain,observed,true,2020-11-15,2020-11-15,0
individual_3042_2020_2021,4,2020,3042,2020-11-16,168,2020-11-16 12:00:23,40.3282964,-3.599547,winter_rest,false,true,,Spain / Iberia,Spain,observed,true,2020-11-16,2020-11-16,0
individual_3042_2020_2021,4,2020,3042,2020-11-17,169,2020-11-17 12:00:23,40.3294633,-3.6020801,winter_rest,false,true,,Spain / Iberia,Spain,observed,true,2020-11-17,2020-11-17,0
individual_3042_2020_2021,4,2020,3042,2020-11-18,170,2020-11-18 12:00:23,40.3277555,-3.5975958,winter_rest,false,true,,Spain / Iberia,Spain,observed,true,2020-11-18,2020-11-18,0
individual_3042_2020_2021,4,2020,3042,2020-11-19,171,2020-11-19 12:00:23,40.3286872,-3.6057925,winter_rest,false,true,,Spain / Iberia,Spain,observed,true,2020-11-19,2020-11-19,0
individual_3042_2020_2021,4,2020,3042,2020-11-20,172,2020-11-20 12:00:23,40.3166472,-3.6211359,winter_rest,false,true,,Spain / Iberia,Spain,observed,true,2020-11-20,2020-11-20,0
individual_3042_2020_2021,4,2020,3042,2020-11-21,173,2020-11-21 12:00:23,40.3343063,-3.5993328,winter_rest,false,true,,Spain / Iberia,Spain,observed,true,2020-11-21,2020-11-21,0
individual_3042_2020_2021,4,2020,3042,2020-11-22,174,2020-11-22 12:00:23,40.3268598,-3.5996124,winter_rest,false,true,,Spain / Iberia,Spain,observed,true,2020-11-22,2020-11-22,0
individual_3042_2020_2021,4,2020,3042,2020-11-23,175,2020-11-23 12:00:23,40.315406,-3.6231733,winter_rest,false,true,,Spain / Iberia,Spain,observed,true,2020-11-23,2020-11-23,0
individual_3042_2020_2021,4,2020,3042,2020-11-24,176,2020-11-24 12:00:23,40.3174358,-3.6186097,winter_rest,false,true,,Spain / Iberia,Spain,observed,true,2020-11-24,2020-11-24,0
individual_3042_2020_2021,4,2020,3042,2020-11-25,177,2020-11-25 12:00:23,40.3151726,-3.622406,winter_rest,false,true,,Spain / Iberia,Spain,observed,true,2020-11-25,2020-11-25,0
individual_3042_2020_2021,4,2020,3042,2020-11-26,178,2020-11-26 12:00:23,40.3285567,-3.5996772,winter_rest,false,true,,Spain / Iberia,Spain,observed,true,2020-11-26,2020-11-26,0
individual_3042_2020_2021,4,2020,3042,2020-11-27,179,2020-11-27 12:00:23,40.3085977,-3.6055458,winter_rest,false,true,,Spain / Iberia,Spain,observed,true,2020-11-27,2020-11-27,0
individual_3042_2020_2021,4,2020,3042,2020-11-28,180,2020-11-28 12:00:23,40.3273921,-3.5984405,winter_rest,false,true,,Spain / Iberia,Spain,observed,true,2020-11-28,2020-11-28,0
individual_3042_2020_2021,4,2020,3042,2020-11-29,181,2020-11-29 12:00:23,40.3344102,-3.6002176,winter_rest,false,true,,Spain / Iberia,Spain,observed,true,2020-11-29,2020-11-29,0
individual_3042_2020_2021,4,2020,3042,2020-11-30,182,2020-11-30 12:00:23,40.334309,-3.5996431,winter_rest,false,true,,Spain / Iberia,Spain,observed,true,2020-11-30,2020-11-30,0
individual_3042_2020_2021,4,2020,3042,2020-12-01,183,2020-12-01 12:00:23,40.3149699,-3.6223595,winter_rest,false,true,,Spain / Iberia,Spain,observed,true,2020-12-01,2020-12-01,0
individual_3042_2020_2021,4,2020,3042,2020-12-02,184,2020-12-02 12:00:23,40.3151087,-3.620451,winter_rest,false,true,,Spain / Iberia,Spain,observed,true,2020-12-02,2020-12-02,0
individual_3042_2020_2021,4,2020,3042,2020-12-03,185,2020-12-03 12:00:23,40.3165617,-3.6214752,winter_rest,false,true,,Spain / Iberia,Spain,observed,true,2020-12-03,2020-12-03,0
individual_3042_2020_2021,4,2020,3042,2020-12-04,186,2020-12-04 12:00:23,40.3176648,-3.622514,winter_rest,false,true,,Spain / Iberia,Spain,observed,true,2020-12-04,2020-12-04,0
individual_3042_2020_2021,4,2020,3042,2020-12-05,187,2020-12-05 12:00:23,40.3341704,-3.6002434,winter_rest,false,true,,Spain / Iberia,Spain,observed,true,2020-12-05,2020-12-05,0
individual_3042_2020_2021,4,2020,3042,2020-12-06,188,2020-12-06 12:00:23,40.3341169,-3.6000087,winter_rest,false,true,,Spain / Iberia,Spain,observed,true,2020-12-06,2020-12-06,0
individual_3042_2020_2021,4,2020,3042,2020-12-07,189,2020-12-07 12:02:14,40.3329964,-3.5984952,winter_rest,false,true,,Spain / Iberia,Spain,observed,true,2020-12-07,2020-12-07,0
individual_3042_2020_2021,4,2020,3042,2020-12-08,190,2020-12-08 12:00:23,40.3334298,-3.5986763,winter_rest,false,true,,Spain / Iberia,Spain,observed,true,2020-12-08,2020-12-08,0
individual_3042_2020_2021,4,2020,3042,2020-12-09,191,2020-12-09 12:00:23,40.3156047,-3.6201079,winter_rest,false,true,,Spain / Iberia,Spain,observed,true,2020-12-09,2020-12-09,0
individual_3042_2020_2021,4,2020,3042,2020-12-10,192,2020-12-10 12:00:23,40.3338302,-3.5986363,winter_rest,false,true,,Spain / Iberia,Spain,observed,true,2020-12-10,2020-12-10,0
individual_3042_2020_2021,4,2020,3042,2020-12-11,193,2020-12-11 12:00:23,40.3158127,-3.6197999,winter_rest,false,true,,Spain / Iberia,Spain,observed,true,2020-12-11,2020-12-11,0
individual_3042_2020_2021,4,2020,3042,2020-12-12,194,2020-12-12 12:00:23,40.3290809,-3.5988003,winter_rest,false,true,,Spain / Iberia,Spain,observed,true,2020-12-12,2020-12-12,0
individual_3042_2020_2021,4,2020,3042,2020-12-13,195,2020-12-13 12:00:23,40.3137681,-3.6193381,winter_rest,false,true,,Spain / Iberia,Spain,observed,true,2020-12-13,2020-12-13,0
individual_3042_2020_2021,4,2020,3042,2020-12-14,196,2020-12-14 12:00:23,40.3345942,-3.5995989,winter_rest,false,true,,Spain / Iberia,Spain,observed,true,2020-12-14,2020-12-14,0
individual_3042_2020_2021,4,2020,3042,2020-12-15,197,2020-12-15 12:00:23,40.3203646,-3.6317483,winter_rest,false,true,,Spain / Iberia,Spain,observed,true,2020-12-15,2020-12-15,0
individual_3042_2020_2021,4,2020,3042,2020-12-16,198,2020-12-16 12:00:23,40.3284302,-3.605503,winter_rest,false,true,,Spain / Iberia,Spain,observed,true,2020-12-16,2020-12-16,0
individual_3042_2020_2021,4,2020,3042,2020-12-17,199,2020-12-17 12:00:23,40.3104792,-3.5888953,winter_rest,false,true,,Spain / Iberia,Spain,observed,true,2020-12-17,2020-12-17,0
individual_3042_2020_2021,4,2020,3042,2020-12-18,200,2020-12-18 12:00:23,40.3275469,-3.5984644,winter_rest,false,true,,Spain / Iberia,Spain,observed,true,2020-12-18,2020-12-18,0
individual_3042_2020_2021,4,2020,3042,2020-12-19,201,2020-12-19 12:00:23,40.3292974,-3.6091925,winter_rest,false,true,,Spain / Iberia,Spain,observed,true,2020-12-19,2020-12-19,0
individual_3042_2020_2021,4,2020,3042,2020-12-20,202,2020-12-20 12:00:23,40.3298246,-3.6065126,winter_rest,false,true,,Spain / Iberia,Spain,observed,true,2020-12-20,2020-12-20,0
individual_3042_2020_2021,4,2020,3042,2020-12-21,203,2020-12-21 12:00:23,40.3346175,-3.5993494,winter_rest,false,true,,Spain / Iberia,Spain,observed,true,2020-12-21,2020-12-21,0
individual_3042_2020_2021,4,2020,3042,2020-12-22,204,2020-12-22 12:00:23,40.3194589,-3.6307472,winter_rest,false,true,,Spain / Iberia,Spain,observed,true,2020-12-22,2020-12-22,0
individual_3042_2020_2021,4,2020,3042,2020-12-23,205,2020-12-23 12:00:23,40.3155229,-3.6198574,winter_rest,false,true,,Spain / Iberia,Spain,observed,true,2020-12-23,2020-12-23,0
individual_3042_2020_2021,4,2020,3042,2020-12-24,206,2020-12-24 12:00:23,40.322348,-3.5896601,winter_rest,false,true,,Spain / Iberia,Spain,observed,true,2020-12-24,2020-12-24,0
individual_3042_2020_2021,4,2020,3042,2020-12-25,207,2020-12-25 12:00:23,40.3341039,-3.5986191,winter_rest,false,true,,Spain / Iberia,Spain,observed,true,2020-12-25,2020-12-25,0
individual_3042_2020_2021,4,2020,3042,2020-12-26,208,2020-12-26 12:00:23,40.3163959,-3.6206742,winter_rest,false,true,,Spain / Iberia,Spain,observed,true,2020-12-26,2020-12-26,0
individual_3042_2020_2021,4,2020,3042,2020-12-27,209,2020-12-27 12:00:23,40.3084002,-3.5907188,winter_rest,false,true,,Spain / Iberia,Spain,observed,true,2020-12-27,2020-12-27,0
individual_3042_2020_2021,4,2020,3042,2020-12-28,210,2020-12-28 12:00:23,40.3291334,-3.6026771,winter_rest,false,true,,Spain / Iberia,Spain,observed,true,2020-12-28,2020-12-28,0
individual_3042_2020_2021,4,2020,3042,2020-12-29,211,2020-12-29 12:00:23,40.3168629,-3.6271783,winter_rest,false,true,,Spain / Iberia,Spain,observed,true,2020-12-29,2020-12-29,0
individual_3042_2020_2021,4,2020,3042,2020-12-30,212,2020-12-30 12:00:23,40.3168919,-3.6217183,winter_rest,false,true,,Spain / Iberia,Spain,observed,true,2020-12-30,2020-12-30,0
individual_3042_2020_2021,4,2020,3042,2020-12-31,213,2020-12-31 12:00:23,40.3101971,-3.5888414,winter_rest,false,true,,Spain / Iberia,Spain,observed,true,2020-12-31,2020-12-31,0
individual_3042_2020_2021,4,2020,3042,2021-01-01,214,2021-01-01 12:00:23,40.3197322,-3.6331726,winter_rest,false,true,,Spain / Iberia,Spain,observed,true,2021-01-01,2021-01-01,0
individual_3042_2020_2021,4,2020,3042,2021-01-02,215,2021-01-02 12:00:23,40.322416,-3.5916848,winter_rest,false,true,,Spain / Iberia,Spain,observed,true,2021-01-02,2021-01-02,0
individual_3042_2020_2021,4,2020,3042,2021-01-03,216,2021-01-03 12:00:23,40.308579,-3.5904837,winter_rest,false,true,,Spain / Iberia,Spain,observed,true,2021-01-03,2021-01-03,0
individual_3042_2020_2021,4,2020,3042,2021-01-04,217,2021-01-04 12:00:23,40.3162505,-3.6207022,winter_rest,false,true,,Spain / Iberia,Spain,observed,true,2021-01-04,2021-01-04,0
individual_3042_2020_2021,4,2020,3042,2021-01-05,218,2021-01-05 12:00:23,40.3163304,-3.6207367,winter_rest,false,true,,Spain / Iberia,Spain,observed,true,2021-01-05,2021-01-05,0
individual_3042_2020_2021,4,2020,3042,2021-01-06,219,2021-01-06 12:00:23,40.3223048,-3.5913905,winter_rest,false,true,,Spain / Iberia,Spain,observed,true,2021-01-06,2021-01-06,0
individual_3042_2020_2021,4,2020,3042,2021-01-07,220,2021-01-07 12:00:23,40.3231728,-3.5900579,winter_rest,false,true,,Spain / Iberia,Spain,observed,true,2021-01-07,2021-01-07,0
individual_3042_2020_2021,4,2020,3042,2021-01-08,221,2021-01-08 12:00:23,40.3112025,-3.5784719,winter_rest,false,true,,Spain / Iberia,Spain,observed,true,2021-01-08,2021-01-08,0
individual_3042_2020_2021,4,2020,3042,2021-01-09,222,2021-01-09 12:00:23,40.3081043,-3.5857024,winter_rest,false,true,,Spain / Iberia,Spain,observed,true,2021-01-09,2021-01-09,0
individual_3042_2020_2021,4,2020,3042,2021-01-10,223,2021-01-10 12:00:23,40.3216242,-3.5904588,winter_rest,false,true,,Spain / Iberia,Spain,observed,true,2021-01-10,2021-01-10,0
individual_3042_2020_2021,4,2020,3042,2021-01-11,224,2021-01-11 12:00:23,40.3155482,-3.6201717,winter_rest,false,true,,Spain / Iberia,Spain,observed,true,2021-01-11,2021-01-11,0
individual_3042_2020_2021,4,2020,3042,2021-01-12,225,2021-01-12 12:00:23,40.3155625,-3.6200169,winter_rest,false,true,,Spain / Iberia,Spain,observed,true,2021-01-12,2021-01-12,0
individual_3042_2020_2021,4,2020,3042,2021-01-13,226,2021-01-13 12:00:23,40.308997,-3.5886303,winter_rest,false,true,,Spain / Iberia,Spain,observed,true,2021-01-13,2021-01-13,0
individual_3042_2020_2021,4,2020,3042,2021-01-14,227,2021-01-14 12:00:23,40.3085357,-3.5900044,winter_rest,false,true,,Spain / Iberia,Spain,observed,true,2021-01-14,2021-01-14,0
individual_3042_2020_2021,4,2020,3042,2021-01-15,228,2021-01-15 12:00:23,40.3227363,-3.5893224,winter_rest,false,true,,Spain / Iberia,Spain,observed,true,2021-01-15,2021-01-15,0
individual_3042_2020_2021,4,2020,3042,2021-01-16,229,2021-01-16 12:00:23,40.3110094,-3.5819162,winter_rest,false,true,,Spain / Iberia,Spain,observed,true,2021-01-16,2021-01-16,0
individual_3042_2020_2021,4,2020,3042,2021-01-17,230,2021-01-17 12:00:23,40.3101932,-3.5828186,winter_rest,false,true,,Spain / Iberia,Spain,observed,true,2021-01-17,2021-01-17,0
individual_3042_2020_2021,4,2020,3042,2021-01-18,231,2021-01-18 12:00:23,40.3154856,-3.6205695,winter_rest,false,true,,Spain / Iberia,Spain,observed,true,2021-01-18,2021-01-18,0
individual_3042_2020_2021,4,2020,3042,2021-01-19,232,2021-01-19 12:00:23,40.3112771,-3.5818771,winter_rest,false,true,,Spain / Iberia,Spain,observed,true,2021-01-19,2021-01-19,0
individual_3042_2020_2021,4,2020,3042,2021-01-20,233,2021-01-20 12:00:23,40.3156171,-3.6204411,winter_rest,false,true,,Spain / Iberia,Spain,observed,true,2021-01-20,2021-01-20,0
individual_3042_2020_2021,4,2020,3042,2021-01-21,234,2021-01-21 12:00:23,40.316804,-3.6227316,winter_rest,false,true,,Spain / Iberia,Spain,observed,true,2021-01-21,2021-01-21,0
individual_3042_2020_2021,4,2020,3042,2021-01-22,235,2021-01-22 12:00:23,40.3089561,-3.5923025,winter_rest,false,true,,Spain / Iberia,Spain,observed,true,2021-01-22,2021-01-22,0
individual_3042_2020_2021,4,2020,3042,2021-01-23,236,2021-01-23 12:00:23,40.3111205,-3.5782501,winter_rest,false,true,,Spain / Iberia,Spain,observed,true,2021-01-23,2021-01-23,0
individual_3042_2020_2021,4,2020,3042,2021-01-24,237,2021-01-24 18:00:23,40.3336582,-3.5985634,winter_rest,false,true,,Spain / Iberia,Spain,observed,true,2021-01-24,2021-01-24,0
individual_3042_2020_2021,4,2020,3042,2021-01-25,238,2021-01-25 12:00:23,40.308952,-3.587756,winter_rest,false,true,,Spain / Iberia,Spain,observed,true,2021-01-25,2021-01-25,0
individual_3042_2020_2021,4,2020,3042,2021-01-26,239,2021-01-26 12:00:23,40.3154065,-3.6204517,winter_rest,false,true,,Spain / Iberia,Spain,observed,true,2021-01-26,2021-01-26,0
individual_3042_2020_2021,4,2020,3042,2021-01-27,240,2021-01-27 12:00:23,40.3090775,-3.6006779,winter_rest,false,true,,Spain / Iberia,Spain,observed,true,2021-01-27,2021-01-27,0
individual_3042_2020_2021,4,2020,3042,2021-01-28,241,2021-01-28 12:00:23,40.3291412,-3.597201,winter_rest,false,true,,Spain / Iberia,Spain,observed,true,2021-01-28,2021-01-28,0
individual_3042_2020_2021,4,2020,3042,2021-01-29,242,2021-01-29 12:00:23,40.3090539,-3.6004093,winter_rest,false,true,,Spain / Iberia,Spain,observed,true,2021-01-29,2021-01-29,0
individual_3042_2020_2021,4,2020,3042,2021-01-30,243,2021-01-30 12:00:23,40.3085919,-3.5926789,winter_rest,false,true,,Spain / Iberia,Spain,observed,true,2021-01-30,2021-01-30,0
individual_3042_2020_2021,4,2020,3042,2021-01-31,244,2021-01-31 12:00:23,40.3220095,-3.590689,winter_rest,false,true,,Spain / Iberia,Spain,observed,true,2021-01-31,2021-01-31,0
individual_3042_2020_2021,4,2020,3042,2021-02-01,245,2021-02-01 12:00:23,40.3163223,-3.6195252,winter_rest,false,true,,Spain / Iberia,Spain,observed,true,2021-02-01,2021-02-01,0
individual_3042_2020_2021,4,2020,3042,2021-02-02,246,2021-02-02 12:00:23,40.3155487,-3.6200341,winter_rest,false,true,,Spain / Iberia,Spain,observed,true,2021-02-02,2021-02-02,0
individual_3042_2020_2021,4,2020,3042,2021-02-03,247,2021-02-03 12:00:23,40.3158872,-3.6208902,winter_rest,false,true,,Spain / Iberia,Spain,observed,true,2021-02-03,2021-02-03,0
individual_3042_2020_2021,4,2020,3042,2021-02-04,248,2021-02-04 12:00:23,40.3158744,-3.6208948,winter_rest,false,true,,Spain / Iberia,Spain,observed,true,2021-02-04,2021-02-04,0
individual_3042_2020_2021,4,2020,3042,2021-02-05,249,2021-02-05 12:00:23,40.3099632,-3.5874622,winter_rest,false,true,,Spain / Iberia,Spain,observed,true,2021-02-05,2021-02-05,0
individual_3042_2020_2021,4,2020,3042,2021-02-06,250,2021-02-06 12:00:23,40.3210553,-3.5905888,winter_rest,false,true,,Spain / Iberia,Spain,observed,true,2021-02-06,2021-02-06,0
individual_3042_2020_2021,4,2020,3042,2021-02-07,251,2021-02-07 12:00:23,40.5705855,-3.258324,winter_rest,false,true,,Spain / Iberia,Spain,observed,true,2021-02-07,2021-02-07,0
individual_3042_2020_2021,4,2020,3042,2021-02-08,252,2021-02-08 12:00:23,41.5012087,-0.5051381,spring_migration,true,false,spring_departure,,Germany,observed,true,2021-02-08,2021-02-08,0
individual_3042_2020_2021,4,2020,3042,2021-02-09,253,2021-02-09 12:00:23,41.5379931,0.6155098,spring_migration,true,false,,,Germany,observed,true,2021-02-09,2021-02-09,0
individual_3042_2020_2021,4,2020,3042,2021-02-10,254,2021-02-10 12:00:23,41.5382967,0.6153898,spring_migration,true,false,,,Germany,observed,true,2021-02-10,2021-02-10,0
individual_3042_2020_2021,4,2020,3042,2021-02-11,255,2021-02-11 12:00:23,41.5817303,0.7513051,spring_migration,true,false,,,Germany,observed,true,2021-02-11,2021-02-11,0
individual_3042_2020_2021,4,2020,3042,2021-02-12,256,2021-02-12 12:00:23,42.0633859,2.7962467,spring_migration,true,false,,,Germany,observed,true,2021-02-12,2021-02-12,0
individual_3042_2020_2021,4,2020,3042,2021-02-13,257,2021-02-13 12:00:23,42.7773306,2.9860532,spring_migration,true,false,,,Germany,observed,true,2021-02-13,2021-02-13,0
individual_3042_2020_2021,4,2020,3042,2021-02-14,258,2021-02-14 12:00:23,43.2863141,3.042614,spring_migration,true,false,,,Germany,observed,true,2021-02-14,2021-02-14,0
individual_3042_2020_2021,4,2020,3042,2021-02-15,259,2021-02-15 12:00:23,43.2890203,3.0405339,spring_migration,true,false,,,Germany,observed,true,2021-02-15,2021-02-15,0
individual_3042_2020_2021,4,2020,3042,2021-02-16,260,2021-02-16 12:00:23,43.4433192,3.3330895,spring_migration,true,false,,,Germany,observed,true,2021-02-16,2021-02-16,0
individual_3042_2020_2021,4,2020,3042,2021-02-17,261,2021-02-17 12:00:23,43.7196154,3.9309599,spring_migration,true,false,,,Germany,observed,true,2021-02-17,2021-02-17,0
individual_3042_2020_2021,4,2020,3042,2021-02-18,262,2021-02-18 12:00:23,46.3436477,5.2880088,spring_migration,true,false,,,Germany,observed,true,2021-02-18,2021-02-18,0
individual_3042_2020_2021,4,2020,3042,2021-02-19,263,2021-02-19 12:00:23,47.7179224,7.0957129,spring_migration,true,false,,,Germany,observed,true,2021-02-19,2021-02-19,0
individual_3042_2020_2021,4,2020,3042,2021-02-20,264,2021-02-20 12:00:23,48.3589537,7.5804115,spring_migration,true,false,,,Germany,observed,true,2021-02-20,2021-02-20,0
individual_3042_2020_2021,4,2020,3042,2021-02-21,265,2021-02-21 12:00:23,48.9763243,8.23456,spring_migration,true,false,,,Germany,observed,true,2021-02-21,2021-02-21,0
individual_3042_2020_2021,4,2020,3042,2021-02-22,266,2021-02-22 12:00:23,49.5619388,9.380225,spring_migration,true,false,,,Germany,observed,true,2021-02-22,2021-02-22,0
individual_3042_2020_2021,4,2020,3042,2021-02-23,267,2021-02-23 12:00:23,49.6853358,10.8879494,summer_rest,false,true,spring_arrival,Central European breeding region,,observed,true,2021-02-23,2021-02-23,0
individual_3042_2020_2021,4,2020,3042,2021-02-24,268,2021-02-24 12:00:23,49.6029561,10.6850292,summer_rest,false,true,,Central European breeding region,,observed,true,2021-02-24,2021-02-24,0
individual_3042_2020_2021,4,2020,3042,2021-02-25,269,2021-02-25 18:00:23,49.6717125,10.7240847,summer_rest,false,true,,Central European breeding region,,observed,true,2021-02-25,2021-02-25,0
individual_3042_2020_2021,4,2020,3042,2021-02-26,270,2021-02-26 12:00:23,49.5430806,10.6792072,summer_rest,false,true,,Central European breeding region,,observed,true,2021-02-26,2021-02-26,0
individual_3042_2020_2021,4,2020,3042,2021-02-27,271,2021-02-27 12:00:23,49.2054883,10.6641009,summer_rest,false,true,,Central European breeding region,,observed,true,2021-02-27,2021-02-27,0
individual_3042_2020_2021,4,2020,3042,2021-02-28,272,2021-02-28 12:00:23,49.2118759,10.6704921,summer_rest,false,true,,Central European breeding region,,observed,true,2021-02-28,2021-02-28,0
individual_3042_2020_2021,4,2020,3042,2021-03-01,273,2021-03-01 12:00:23,49.1705826,10.5309925,summer_rest,false,true,,Central European breeding region,,observed,true,2021-03-01,2021-03-01,0
individual_3042_2020_2021,4,2020,3042,2021-03-02,274,2021-03-02 12:00:23,49.2161927,10.6653465,summer_rest,false,true,,Central European breeding region,,observed,true,2021-03-02,2021-03-02,0
individual_3042_2020_2021,4,2020,3042,2021-03-03,275,2021-03-03 12:00:23,49.2057478,10.6747372,summer_rest,false,true,,Central European breeding region,,observed,true,2021-03-03,2021-03-03,0
individual_3042_2020_2021,4,2020,3042,2021-03-04,276,2021-03-04 12:00:23,49.2114773,10.6694219,summer_rest,false,true,,Central European breeding region,,observed,true,2021-03-04,2021-03-04,0
individual_3042_2020_2021,4,2020,3042,2021-03-05,277,2021-03-05 12:00:23,49.2161745,10.6654223,summer_rest,false,true,,Central European breeding region,,observed,true,2021-03-05,2021-03-05,0
individual_3042_2020_2021,4,2020,3042,2021-03-06,278,2021-03-06 12:00:23,49.2161759,10.6653089,summer_rest,false,true,,Central European breeding region,,observed,true,2021-03-06,2021-03-06,0
individual_3042_2020_2021,4,2020,3042,2021-03-07,279,2021-03-07 12:00:23,49.203968,10.7020906,summer_rest,false,true,,Central European breeding region,,observed,true,2021-03-07,2021-03-07,0
individual_3042_2020_2021,4,2020,3042,2021-03-08,280,2021-03-08 12:00:23,49.2161919,10.6653392,summer_rest,false,true,,Central European breeding region,,observed,true,2021-03-08,2021-03-08,0
individual_3042_2020_2021,4,2020,3042,2021-03-09,281,2021-03-09 12:00:23,49.2138327,10.6678556,summer_rest,false,true,,Central European breeding region,,observed,true,2021-03-09,2021-03-09,0
individual_3042_2020_2021,4,2020,3042,2021-03-10,282,2021-03-10 12:00:23,49.2162059,10.6653412,summer_rest,false,true,,Central European breeding region,,observed,true,2021-03-10,2021-03-10,0
individual_3042_2020_2021,4,2020,3042,2021-03-11,283,2021-03-11 12:00:23,49.2161598,10.6653296,summer_rest,false,true,,Central European breeding region,,observed,true,2021-03-11,2021-03-11,0
individual_3042_2020_2021,4,2020,3042,2021-03-12,284,2021-03-12 12:00:23,49.2162253,10.6654176,summer_rest,false,true,,Central European breeding region,,observed,true,2021-03-12,2021-03-12,0
individual_3042_2020_2021,4,2020,3042,2021-03-13,285,2021-03-13 12:00:23,49.2161428,10.6653236,summer_rest,false,true,,Central European breeding region,,observed,true,2021-03-13,2021-03-13,0
individual_3042_2020_2021,4,2020,3042,2021-03-14,286,2021-03-14 12:00:23,49.2161343,10.6653282,summer_rest,false,true,,Central European breeding region,,observed,true,2021-03-14,2021-03-14,0
individual_3042_2020_2021,4,2020,3042,2021-03-15,287,2021-03-15 12:00:23,49.2162351,10.6653569,summer_rest,false,true,,Central European breeding region,,observed,true,2021-03-15,2021-03-15,0
individual_3042_2020_2021,4,2020,3042,2021-03-16,288,2021-03-16 12:00:23,49.2062142,10.6743701,summer_rest,false,true,,Central European breeding region,,observed,true,2021-03-16,2021-03-16,0
individual_3042_2020_2021,4,2020,3042,2021-03-17,289,2021-03-17 12:00:23,49.216209,10.6653066,summer_rest,false,true,,Central European breeding region,,observed,true,2021-03-17,2021-03-17,0
individual_3042_2020_2021,4,2020,3042,2021-03-18,290,2021-03-18 12:00:23,49.2162001,10.6653584,summer_rest,false,true,,Central European breeding region,,observed,true,2021-03-18,2021-03-18,0
individual_3042_2020_2021,4,2020,3042,2021-03-19,291,2021-03-19 12:00:23,49.2035172,10.683792,summer_rest,false,true,,Central European breeding region,,observed,true,2021-03-19,2021-03-19,0
individual_3042_2020_2021,4,2020,3042,2021-03-20,292,2021-03-20 12:00:23,49.2162391,10.6653526,summer_rest,false,true,,Central European breeding region,,observed,true,2021-03-20,2021-03-20,0
individual_3042_2020_2021,4,2020,3042,2021-03-21,293,2021-03-21 12:00:23,49.2162067,10.6653583,summer_rest,false,true,,Central European breeding region,,observed,true,2021-03-21,2021-03-21,0
individual_3042_2020_2021,4,2020,3042,2021-03-22,294,2021-03-22 12:00:23,49.2077385,10.6751482,summer_rest,false,true,,Central European breeding region,,observed,true,2021-03-22,2021-03-22,0
individual_3042_2020_2021,4,2020,3042,2021-03-23,295,2021-03-23 12:00:23,49.213345,10.6705361,summer_rest,false,true,,Central European breeding region,,observed,true,2021-03-23,2021-03-23,0
individual_3042_2020_2021,4,2020,3042,2021-03-24,296,2021-03-24 12:00:23,49.2161887,10.6653477,summer_rest,false,true,,Central European breeding region,,observed,true,2021-03-24,2021-03-24,0
individual_3042_2020_2021,4,2020,3042,2021-03-25,297,2021-03-25 12:00:23,49.2161973,10.6653221,summer_rest,false,true,,Central European breeding region,,observed,true,2021-03-25,2021-03-25,0
individual_3042_2020_2021,4,2020,3042,2021-03-26,298,2021-03-26 12:00:23,49.2161956,10.6653488,summer_rest,false,true,,Central European breeding region,,observed,true,2021-03-26,2021-03-26,0
individual_3042_2020_2021,4,2020,3042,2021-03-27,299,2021-03-27 12:00:23,49.2161879,10.6653464,summer_rest,false,true,,Central European breeding region,,observed,true,2021-03-27,2021-03-27,0
individual_3042_2020_2021,4,2020,3042,2021-03-28,300,2021-03-28 12:00:23,49.2160945,10.6649994,summer_rest,false,true,,Central European breeding region,,observed,true,2021-03-28,2021-03-28,0
individual_3042_2020_2021,4,2020,3042,2021-03-29,301,2021-03-29 12:00:23,49.2161964,10.6653348,summer_rest,false,true,,Central European breeding region,,observed,true,2021-03-29,2021-03-29,0
individual_3042_2020_2021,4,2020,3042,2021-03-30,302,2021-03-30 12:00:23,49.2162086,10.6653329,summer_rest,false,true,,Central European breeding region,,observed,true,2021-03-30,2021-03-30,0
individual_3042_2020_2021,4,2020,3042,2021-03-31,303,2021-03-31 12:00:23,49.2084064,10.6728903,summer_rest,false,true,,Central European breeding region,,observed,true,2021-03-31,2021-03-31,0
individual_3042_2020_2021,4,2020,3042,2021-04-01,304,2021-04-01 12:00:23,49.2160943,10.6653921,summer_rest,false,true,,Central European breeding region,,observed,true,2021-04-01,2021-04-01,0
individual_3042_2020_2021,4,2020,3042,2021-04-02,305,2021-04-02 12:00:23,49.2161975,10.6652968,summer_rest,false,true,,Central European breeding region,,observed,true,2021-04-02,2021-04-02,0
individual_3042_2020_2021,4,2020,3042,2021-04-03,306,2021-04-03 12:00:23,49.216226,10.6653105,summer_rest,false,true,,Central European breeding region,,observed,true,2021-04-03,2021-04-03,0
individual_3042_2020_2021,4,2020,3042,2021-04-04,307,2021-04-04 12:00:23,49.2172651,10.6670384,summer_rest,false,true,,Central European breeding region,,observed,true,2021-04-04,2021-04-04,0
individual_3042_2020_2021,4,2020,3042,2021-04-05,308,2021-04-05 12:00:23,49.2162484,10.6653175,summer_rest,false,true,,Central European breeding region,,observed,true,2021-04-05,2021-04-05,0
individual_3042_2020_2021,4,2020,3042,2021-04-06,309,2021-04-06 12:00:41,49.2161541,10.6653901,summer_rest,false,true,,Central European breeding region,,observed,true,2021-04-06,2021-04-06,0
individual_3042_2020_2021,4,2020,3042,2021-04-07,310,2021-04-07 12:00:23,49.2161861,10.665351,summer_rest,false,true,,Central European breeding region,,observed,true,2021-04-07,2021-04-07,0
individual_3042_2020_2021,4,2020,3042,2021-04-08,311,2021-04-08 12:00:23,49.2161961,10.665282,summer_rest,false,true,,Central European breeding region,,observed,true,2021-04-08,2021-04-08,0
individual_3042_2020_2021,4,2020,3042,2021-04-09,312,2021-04-09 12:00:23,49.2162555,10.6653289,summer_rest,false,true,,Central European breeding region,,observed,true,2021-04-09,2021-04-09,0
individual_3042_2020_2021,4,2020,3042,2021-04-10,313,2021-04-10 08:07:23,49.2161654,10.6653627,summer_rest,false,true,,Central European breeding region,,observed,true,2021-04-10,2021-04-10,0
individual_3042_2020_2021,4,2020,3042,2021-04-11,314,2021-04-11 02:00:23,49.2162119,10.665342,summer_rest,false,true,,Central European breeding region,,observed,true,2021-04-11,2021-04-11,0
individual_3042_2020_2021,4,2020,3042,2021-04-12,315,2021-04-12 02:00:23,49.2161492,10.6653655,summer_rest,false,true,,Central European breeding region,,observed,true,2021-04-12,2021-04-12,0
individual_3042_2020_2021,4,2020,3042,2021-04-13,316,2021-04-13 02:00:23,49.2162006,10.6653333,summer_rest,false,true,,Central European breeding region,,observed,true,2021-04-13,2021-04-13,0
individual_3042_2020_2021,4,2020,3042,2021-04-14,317,2021-04-14 02:00:23,49.2161823,10.6653515,summer_rest,false,true,,Central European breeding region,,observed,true,2021-04-14,2021-04-14,0
individual_3042_2020_2021,4,2020,3042,2021-04-15,318,2021-04-15 02:00:23,49.2161733,10.6653436,summer_rest,false,true,,Central European breeding region,,observed,true,2021-04-15,2021-04-15,0
individual_3042_2020_2021,4,2020,3042,2021-04-16,319,2021-04-16 02:00:23,49.2161981,10.6652716,summer_rest,false,true,,Central European breeding region,,observed,true,2021-04-16,2021-04-16,0
individual_3042_2020_2021,4,2020,3042,2021-04-17,320,2021-04-17 02:00:23,49.2162167,10.6653234,summer_rest,false,true,,Central European breeding region,,observed,true,2021-04-17,2021-04-17,0
individual_3042_2020_2021,4,2020,3042,2021-04-18,321,2021-04-18 02:00:23,49.216207,10.6653308,summer_rest,false,true,,Central European breeding region,,observed,true,2021-04-18,2021-04-18,0
individual_3042_2020_2021,4,2020,3042,2021-04-19,322,2021-04-19 02:00:23,49.2160954,10.6654903,summer_rest,false,true,,Central European breeding region,,observed,true,2021-04-19,2021-04-19,0
individual_3042_2020_2021,4,2020,3042,2021-04-20,323,2021-04-20 02:00:23,49.2162106,10.66534,summer_rest,false,true,,Central European breeding region,,observed,true,2021-04-20,2021-04-20,0
individual_3042_2020_2021,4,2020,3042,2021-04-21,324,2021-04-21 02:00:23,49.2162269,10.6654093,summer_rest,false,true,,Central European breeding region,,observed,true,2021-04-21,2021-04-21,0
individual_3042_2020_2021,4,2020,3042,2021-04-22,325,2021-04-22 02:00:23,49.2161767,10.6653649,summer_rest,false,true,,Central European breeding region,,observed,true,2021-04-22,2021-04-22,0
individual_3042_2020_2021,4,2020,3042,2021-04-23,326,2021-04-23 02:00:23,49.2161993,10.6653445,summer_rest,false,true,,Central European breeding region,,observed,true,2021-04-23,2021-04-23,0
individual_3042_2020_2021,4,2020,3042,2021-04-24,327,2021-04-24 02:00:23,49.2161949,10.6653064,summer_rest,false,true,,Central European breeding region,,observed,true,2021-04-24,2021-04-24,0
individual_3042_2020_2021,4,2020,3042,2021-04-25,328,2021-04-25 02:00:23,49.2162148,10.6653571,summer_rest,false,true,,Central European breeding region,,observed,true,2021-04-25,2021-04-25,0
individual_3042_2020_2021,4,2020,3042,2021-04-26,329,2021-04-26 02:00:23,49.2161801,10.6652881,summer_rest,false,true,,Central European breeding region,,observed,true,2021-04-26,2021-04-26,0
individual_3042_2020_2021,4,2020,3042,2021-04-27,330,2021-04-27 02:00:23,49.2161665,10.6653255,summer_rest,false,true,,Central European breeding region,,observed,true,2021-04-27,2021-04-27,0
individual_3042_2020_2021,4,2020,3042,2021-04-28,331,2021-04-28 02:00:23,49.2161165,10.6654371,summer_rest,false,true,,Central European breeding region,,observed,true,2021-04-28,2021-04-28,0
individual_3042_2020_2021,4,2020,3042,2021-04-29,332,2021-04-29 02:00:23,49.2161849,10.665347,summer_rest,false,true,,Central European breeding region,,observed,true,2021-04-29,2021-04-29,0
individual_3042_2020_2021,4,2020,3042,2021-04-30,333,2021-04-30 02:00:23,49.2161898,10.6653822,summer_rest,false,true,,Central European breeding region,,observed,true,2021-04-30,2021-04-30,0
individual_3042_2020_2021,4,2020,3042,2021-05-01,334,2021-05-01 02:00:23,49.2162115,10.6653476,summer_rest,false,true,,Central European breeding region,,observed,true,2021-05-01,2021-05-01,0
individual_3042_2020_2021,4,2020,3042,2021-05-02,335,2021-05-02 02:00:23,49.2162093,10.6653635,summer_rest,false,true,,Central European breeding region,,observed,true,2021-05-02,2021-05-02,0
individual_3042_2020_2021,4,2020,3042,2021-05-03,336,2021-05-03 02:00:23,49.2161735,10.6653455,summer_rest,false,true,,Central European breeding region,,observed,true,2021-05-03,2021-05-03,0
individual_3042_2020_2021,4,2020,3042,2021-05-04,337,2021-05-04 02:00:23,49.2162081,10.6653507,summer_rest,false,true,,Central European breeding region,,observed,true,2021-05-04,2021-05-04,0
individual_3042_2020_2021,4,2020,3042,2021-05-05,338,2021-05-05 02:00:23,49.2163151,10.6653123,summer_rest,false,true,,Central European breeding region,,observed,true,2021-05-05,2021-05-05,0
individual_3042_2020_2021,4,2020,3042,2021-05-06,339,2021-05-06 02:00:23,49.2162119,10.6653288,summer_rest,false,true,,Central European breeding region,,observed,true,2021-05-06,2021-05-06,0
individual_3042_2020_2021,4,2020,3042,2021-05-07,340,2021-05-07 02:00:23,49.2162096,10.6653564,summer_rest,false,true,,Central European breeding region,,observed,true,2021-05-07,2021-05-07,0
individual_3042_2020_2021,4,2020,3042,2021-05-08,341,2021-05-08 02:00:23,49.2162737,10.6651454,summer_rest,false,true,,Central European breeding region,,observed,true,2021-05-08,2021-05-08,0
individual_3042_2020_2021,4,2020,3042,2021-05-09,342,2021-05-09 02:00:23,49.216215,10.6653262,summer_rest,false,true,,Central European breeding region,,observed,true,2021-05-09,2021-05-09,0
individual_3042_2020_2021,4,2020,3042,2021-05-10,343,2021-05-10 02:00:23,49.216327,10.6653205,summer_rest,false,true,,Central European breeding region,,observed,true,2021-05-10,2021-05-10,0
individual_3042_2020_2021,4,2020,3042,2021-05-11,344,2021-05-11 02:00:23,49.21623,10.6653357,summer_rest,false,true,,Central European breeding region,,observed,true,2021-05-11,2021-05-11,0
individual_3042_2020_2021,4,2020,3042,2021-05-12,345,2021-05-12 02:00:23,49.2161897,10.6653581,summer_rest,false,true,,Central European breeding region,,observed,true,2021-05-12,2021-05-12,0
individual_3042_2020_2021,4,2020,3042,2021-05-13,346,2021-05-13 02:00:23,49.2160236,10.6650996,summer_rest,false,true,,Central European breeding region,,observed,true,2021-05-13,2021-05-13,0
individual_3042_2020_2021,4,2020,3042,2021-05-14,347,2021-05-14 02:00:23,49.2162171,10.6653925,summer_rest,false,true,,Central European breeding region,,observed,true,2021-05-14,2021-05-14,0
individual_3042_2020_2021,4,2020,3042,2021-05-15,348,2021-05-15 02:00:23,49.2161806,10.6652951,summer_rest,false,true,,Central European breeding region,,observed,true,2021-05-15,2021-05-15,0
individual_3042_2020_2021,4,2020,3042,2021-05-16,349,2021-05-16 02:00:23,49.2161888,10.6653352,summer_rest,false,true,,Central European breeding region,,observed,true,2021-05-16,2021-05-16,0
individual_3042_2020_2021,4,2020,3042,2021-05-17,350,2021-05-17 02:00:23,49.2162121,10.6653758,summer_rest,false,true,,Central European breeding region,,observed,true,2021-05-17,2021-05-17,0
individual_3042_2020_2021,4,2020,3042,2021-05-18,351,2021-05-18 02:00:23,49.2162463,10.6653108,summer_rest,false,true,,Central European breeding region,,observed,true,2021-05-18,2021-05-18,0
individual_3042_2020_2021,4,2020,3042,2021-05-19,352,2021-05-19 02:00:23,49.2161992,10.6653337,summer_rest,false,true,,Central European breeding region,,observed,true,2021-05-19,2021-05-19,0
individual_3042_2020_2021,4,2020,3042,2021-05-20,353,2021-05-20 02:00:23,49.2161905,10.6652928,summer_rest,false,true,,Central European breeding region,,observed,true,2021-05-20,2021-05-20,0
individual_3042_2020_2021,4,2020,3042,2021-05-21,354,2021-05-21 02:00:23,49.2162166,10.6652977,summer_rest,false,true,,Central European breeding region,,observed,true,2021-05-21,2021-05-21,0
individual_3042_2020_2021,4,2020,3042,2021-05-22,355,2021-05-22 02:00:23,49.2161867,10.6653134,summer_rest,false,true,,Central European breeding region,,observed,true,2021-05-22,2021-05-22,0
individual_3042_2020_2021,4,2020,3042,2021-05-23,356,2021-05-23 02:00:23,49.2162107,10.6653312,summer_rest,false,true,,Central European breeding region,,observed,true,2021-05-23,2021-05-23,0
individual_3042_2020_2021,4,2020,3042,2021-05-24,357,2021-05-24 02:00:23,49.2161465,10.6652923,summer_rest,false,true,,Central European breeding region,,observed,true,2021-05-24,2021-05-24,0
individual_3042_2020_2021,4,2020,3042,2021-05-25,358,2021-05-25 02:00:23,49.2161982,10.6652837,summer_rest,false,true,,Central European breeding region,,observed,true,2021-05-25,2021-05-25,0
individual_3042_2020_2021,4,2020,3042,2021-05-26,359,2021-05-26 02:00:23,49.2162115,10.6653216,summer_rest,false,true,,Central European breeding region,,observed,true,2021-05-26,2021-05-26,0
individual_3042_2020_2021,4,2020,3042,2021-05-27,360,2021-05-27 02:00:23,49.2161782,10.6652999,summer_rest,false,true,,Central European breeding region,,observed,true,2021-05-27,2021-05-27,0
individual_3042_2020_2021,4,2020,3042,2021-05-28,361,2021-05-28 02:00:23,49.216198,10.6653625,summer_rest,false,true,,Central European breeding region,,observed,true,2021-05-28,2021-05-28,0
individual_3042_2020_2021,4,2020,3042,2021-05-29,362,2021-05-29 02:00:23,49.2161838,10.6653318,summer_rest,false,true,,Central European breeding region,,observed,true,2021-05-29,2021-05-29,0
individual_3042_2020_2021,4,2020,3042,2021-05-30,363,2021-05-30 02:00:23,49.2162313,10.6652399,summer_rest,false,true,,Central European breeding region,,observed,true,2021-05-30,2021-05-30,0
individual_3042_2020_2021,4,2020,3042,2021-05-31,364,2021-05-31 02:00:23,49.2161927,10.6653559,summer_rest,false,true,,Central European breeding region,,observed,true,2021-05-31,2021-05-31,0
individual_4004_2022_2023,5,2022,4004,2022-06-01,0,2022-06-01 02:00:23,47.1674286,7.4030901,summer_rest,false,true,,Central European breeding region,,observed,true,2022-06-01,2022-06-01,0
individual_4004_2022_2023,5,2022,4004,2022-06-02,1,2022-06-02 02:00:23,47.1674374,7.4030758,summer_rest,false,true,,Central European breeding region,,observed,true,2022-06-02,2022-06-02,0
individual_4004_2022_2023,5,2022,4004,2022-06-03,2,2022-06-03 02:00:26,47.1674373,7.4030933,summer_rest,false,true,,Central European breeding region,,observed,true,2022-06-03,2022-06-03,0
individual_4004_2022_2023,5,2022,4004,2022-06-04,3,2022-06-04 02:00:23,47.1674229,7.4031693,summer_rest,false,true,,Central European breeding region,,observed,true,2022-06-04,2022-06-04,0
individual_4004_2022_2023,5,2022,4004,2022-06-05,4,2022-06-05 02:00:23,47.1674386,7.4030966,summer_rest,false,true,,Central European breeding region,,observed,true,2022-06-05,2022-06-05,0
individual_4004_2022_2023,5,2022,4004,2022-06-06,5,2022-06-06 02:00:23,47.1674318,7.4030909,summer_rest,false,true,,Central European breeding region,,observed,true,2022-06-06,2022-06-06,0
individual_4004_2022_2023,5,2022,4004,2022-06-07,6,2022-06-07 02:00:23,47.1674684,7.4030799,summer_rest,false,true,,Central European breeding region,,observed,true,2022-06-07,2022-06-07,0
individual_4004_2022_2023,5,2022,4004,2022-06-08,7,2022-06-08 02:00:23,47.1674249,7.4030934,summer_rest,false,true,,Central European breeding region,,observed,true,2022-06-08,2022-06-08,0
individual_4004_2022_2023,5,2022,4004,2022-06-09,8,2022-06-09 02:00:23,47.1674308,7.4030761,summer_rest,false,true,,Central European breeding region,,observed,true,2022-06-09,2022-06-09,0
individual_4004_2022_2023,5,2022,4004,2022-06-10,9,2022-06-10 02:00:26,47.1674297,7.403122,summer_rest,false,true,,Central European breeding region,,observed,true,2022-06-10,2022-06-10,0
individual_4004_2022_2023,5,2022,4004,2022-06-11,10,2022-06-11 02:00:23,47.167442,7.403108,summer_rest,false,true,,Central European breeding region,,observed,true,2022-06-11,2022-06-11,0
individual_4004_2022_2023,5,2022,4004,2022-06-12,11,2022-06-12 02:00:23,47.1674292,7.4031019,summer_rest,false,true,,Central European breeding region,,observed,true,2022-06-12,2022-06-12,0
individual_4004_2022_2023,5,2022,4004,2022-06-13,12,2022-06-13 02:00:23,47.1674658,7.4030891,summer_rest,false,true,,Central European breeding region,,observed,true,2022-06-13,2022-06-13,0
individual_4004_2022_2023,5,2022,4004,2022-06-14,13,2022-06-14 02:00:23,47.1674317,7.4031037,summer_rest,false,true,,Central European breeding region,,observed,true,2022-06-14,2022-06-14,0
individual_4004_2022_2023,5,2022,4004,2022-06-15,14,2022-06-15 02:00:23,47.1682747,7.3844877,summer_rest,false,true,,Central European breeding region,,observed,true,2022-06-15,2022-06-15,0
individual_4004_2022_2023,5,2022,4004,2022-06-16,15,2022-06-16 02:00:23,47.1674543,7.4027295,summer_rest,false,true,,Central European breeding region,,observed,true,2022-06-16,2022-06-16,0
individual_4004_2022_2023,5,2022,4004,2022-06-17,16,2022-06-17 02:00:27,47.1674576,7.4027226,summer_rest,false,true,,Central European breeding region,,observed,true,2022-06-17,2022-06-17,0
individual_4004_2022_2023,5,2022,4004,2022-06-18,17,2022-06-18 02:00:23,47.167442,7.4027104,summer_rest,false,true,,Central European breeding region,,observed,true,2022-06-18,2022-06-18,0
individual_4004_2022_2023,5,2022,4004,2022-06-19,18,2022-06-19 02:00:23,47.1536316,7.3577114,summer_rest,false,true,,Central European breeding region,,observed,true,2022-06-19,2022-06-19,0
individual_4004_2022_2023,5,2022,4004,2022-06-20,19,2022-06-20 02:00:23,47.1674235,7.4027065,summer_rest,false,true,,Central European breeding region,,observed,true,2022-06-20,2022-06-20,0
individual_4004_2022_2023,5,2022,4004,2022-06-21,20,2022-06-21 02:00:23,47.167443,7.4027011,summer_rest,false,true,,Central European breeding region,,observed,true,2022-06-21,2022-06-21,0
individual_4004_2022_2023,5,2022,4004,2022-06-22,21,2022-06-22 02:00:23,47.1674482,7.4027143,summer_rest,false,true,,Central European breeding region,,observed,true,2022-06-22,2022-06-22,0
individual_4004_2022_2023,5,2022,4004,2022-06-23,22,2022-06-23 02:00:23,47.1674353,7.4027212,summer_rest,false,true,,Central European breeding region,,observed,true,2022-06-23,2022-06-23,0
individual_4004_2022_2023,5,2022,4004,2022-06-24,23,2022-06-24 02:00:23,47.1674166,7.4026965,summer_rest,false,true,,Central European breeding region,,observed,true,2022-06-24,2022-06-24,0
individual_4004_2022_2023,5,2022,4004,2022-06-25,24,2022-06-25 02:00:23,47.1674606,7.402702,summer_rest,false,true,,Central European breeding region,,observed,true,2022-06-25,2022-06-25,0
individual_4004_2022_2023,5,2022,4004,2022-06-26,25,2022-06-26 02:00:23,47.1674328,7.4027232,summer_rest,false,true,,Central European breeding region,,observed,true,2022-06-26,2022-06-26,0
individual_4004_2022_2023,5,2022,4004,2022-06-27,26,2022-06-27 02:00:23,47.1674504,7.4027376,summer_rest,false,true,,Central European breeding region,,observed,true,2022-06-27,2022-06-27,0
individual_4004_2022_2023,5,2022,4004,2022-06-28,27,2022-06-28 02:00:23,47.167441,7.4027515,summer_rest,false,true,,Central European breeding region,,observed,true,2022-06-28,2022-06-28,0
individual_4004_2022_2023,5,2022,4004,2022-06-29,28,2022-06-29 02:00:23,47.1674245,7.4027212,summer_rest,false,true,,Central European breeding region,,observed,true,2022-06-29,2022-06-29,0
individual_4004_2022_2023,5,2022,4004,2022-06-30,29,2022-06-30 02:00:23,47.1674218,7.4027175,summer_rest,false,true,,Central European breeding region,,observed,true,2022-06-30,2022-06-30,0
individual_4004_2022_2023,5,2022,4004,2022-07-01,30,2022-07-01 02:00:23,47.1674487,7.4026929,summer_rest,false,true,,Central European breeding region,,observed,true,2022-07-01,2022-07-01,0
individual_4004_2022_2023,5,2022,4004,2022-07-02,31,2022-07-02 02:00:23,47.1674409,7.4027098,summer_rest,false,true,,Central European breeding region,,observed,true,2022-07-02,2022-07-02,0
individual_4004_2022_2023,5,2022,4004,2022-07-03,32,2022-07-03 02:00:23,47.1674366,7.4027157,summer_rest,false,true,,Central European breeding region,,observed,true,2022-07-03,2022-07-03,0
individual_4004_2022_2023,5,2022,4004,2022-07-04,33,2022-07-04 02:00:23,47.1674804,7.4026746,summer_rest,false,true,,Central European breeding region,,observed,true,2022-07-04,2022-07-04,0
individual_4004_2022_2023,5,2022,4004,2022-07-05,34,2022-07-05 02:00:23,47.1674235,7.4027387,summer_rest,false,true,,Central European breeding region,,observed,true,2022-07-05,2022-07-05,0
individual_4004_2022_2023,5,2022,4004,2022-07-06,35,2022-07-06 02:00:23,47.1674424,7.4026983,summer_rest,false,true,,Central European breeding region,,observed,true,2022-07-06,2022-07-06,0
individual_4004_2022_2023,5,2022,4004,2022-07-07,36,2022-07-07 02:00:23,47.1674357,7.4027319,summer_rest,false,true,,Central European breeding region,,observed,true,2022-07-07,2022-07-07,0
individual_4004_2022_2023,5,2022,4004,2022-07-08,37,2022-07-08 02:00:23,47.1674406,7.4027115,summer_rest,false,true,,Central European breeding region,,observed,true,2022-07-08,2022-07-08,0
individual_4004_2022_2023,5,2022,4004,2022-07-09,38,2022-07-09 02:00:23,47.167441,7.4027357,summer_rest,false,true,,Central European breeding region,,observed,true,2022-07-09,2022-07-09,0
individual_4004_2022_2023,5,2022,4004,2022-07-10,39,2022-07-10 02:00:23,47.1674232,7.4027133,summer_rest,false,true,,Central European breeding region,,observed,true,2022-07-10,2022-07-10,0
individual_4004_2022_2023,5,2022,4004,2022-07-11,40,2022-07-11 02:00:23,47.1674206,7.4027145,summer_rest,false,true,,Central European breeding region,,observed,true,2022-07-11,2022-07-11,0
individual_4004_2022_2023,5,2022,4004,2022-07-12,41,2022-07-12 02:00:23,47.1674375,7.4027415,summer_rest,false,true,,Central European breeding region,,observed,true,2022-07-12,2022-07-12,0
individual_4004_2022_2023,5,2022,4004,2022-07-13,42,2022-07-13 02:00:23,47.1674494,7.40272,summer_rest,false,true,,Central European breeding region,,observed,true,2022-07-13,2022-07-13,0
individual_4004_2022_2023,5,2022,4004,2022-07-14,43,2022-07-14 02:00:23,47.167435,7.4027123,summer_rest,false,true,,Central European breeding region,,observed,true,2022-07-14,2022-07-14,0
individual_4004_2022_2023,5,2022,4004,2022-07-15,44,2022-07-15 02:00:23,47.1674248,7.4027489,summer_rest,false,true,,Central European breeding region,,observed,true,2022-07-15,2022-07-15,0
individual_4004_2022_2023,5,2022,4004,2022-07-16,45,2022-07-16 02:00:23,47.1674387,7.4027068,summer_rest,false,true,,Central European breeding region,,observed,true,2022-07-16,2022-07-16,0
individual_4004_2022_2023,5,2022,4004,2022-07-17,46,2022-07-17 02:00:23,47.1674206,7.4027215,summer_rest,false,true,,Central European breeding region,,observed,true,2022-07-17,2022-07-17,0
individual_4004_2022_2023,5,2022,4004,2022-07-18,47,2022-07-18 02:00:23,47.1674363,7.4027277,summer_rest,false,true,,Central European breeding region,,observed,true,2022-07-18,2022-07-18,0
individual_4004_2022_2023,5,2022,4004,2022-07-19,48,2022-07-19 02:00:23,47.1674383,7.4027051,summer_rest,false,true,,Central European breeding region,,observed,true,2022-07-19,2022-07-19,0
individual_4004_2022_2023,5,2022,4004,2022-07-20,49,2022-07-20 02:00:23,47.1674601,7.4027104,summer_rest,false,true,,Central European breeding region,,observed,true,2022-07-20,2022-07-20,0
individual_4004_2022_2023,5,2022,4004,2022-07-21,50,2022-07-21 02:00:23,47.1674483,7.4027466,summer_rest,false,true,,Central European breeding region,,observed,true,2022-07-21,2022-07-21,0
individual_4004_2022_2023,5,2022,4004,2022-07-22,51,2022-07-22 02:00:23,47.1674128,7.4027445,summer_rest,false,true,,Central European breeding region,,observed,true,2022-07-22,2022-07-22,0
individual_4004_2022_2023,5,2022,4004,2022-07-23,52,2022-07-23 02:00:23,47.1674572,7.4027367,summer_rest,false,true,,Central European breeding region,,observed,true,2022-07-23,2022-07-23,0
individual_4004_2022_2023,5,2022,4004,2022-07-24,53,2022-07-24 02:00:23,47.1673758,7.4027117,summer_rest,false,true,,Central European breeding region,,observed,true,2022-07-24,2022-07-24,0
individual_4004_2022_2023,5,2022,4004,2022-07-25,54,2022-07-25 02:00:23,47.1674382,7.4027131,summer_rest,false,true,,Central European breeding region,,observed,true,2022-07-25,2022-07-25,0
individual_4004_2022_2023,5,2022,4004,2022-07-26,55,2022-07-26 02:00:23,47.1674304,7.4027237,summer_rest,false,true,,Central European breeding region,,observed,true,2022-07-26,2022-07-26,0
individual_4004_2022_2023,5,2022,4004,2022-07-27,56,2022-07-27 02:00:23,47.1674404,7.4027155,summer_rest,false,true,,Central European breeding region,,observed,true,2022-07-27,2022-07-27,0
individual_4004_2022_2023,5,2022,4004,2022-07-28,57,2022-07-28 02:00:23,47.1674401,7.4027202,summer_rest,false,true,,Central European breeding region,,observed,true,2022-07-28,2022-07-28,0
individual_4004_2022_2023,5,2022,4004,2022-07-29,58,2022-07-29 02:00:23,47.1674676,7.4027069,summer_rest,false,true,,Central European breeding region,,observed,true,2022-07-29,2022-07-29,0
individual_4004_2022_2023,5,2022,4004,2022-07-30,59,2022-07-30 02:00:23,47.1674313,7.4027189,summer_rest,false,true,,Central European breeding region,,observed,true,2022-07-30,2022-07-30,0
individual_4004_2022_2023,5,2022,4004,2022-07-31,60,2022-07-31 02:00:23,47.167434,7.4027271,summer_rest,false,true,,Central European breeding region,,observed,true,2022-07-31,2022-07-31,0
individual_4004_2022_2023,5,2022,4004,2022-08-01,61,2022-08-01 02:00:23,47.1719679,7.3697465,summer_rest,false,true,,Central European breeding region,,observed,true,2022-08-01,2022-08-01,0
individual_4004_2022_2023,5,2022,4004,2022-08-02,62,2022-08-02 02:00:23,47.1674403,7.4027543,summer_rest,false,true,,Central European breeding region,,observed,true,2022-08-02,2022-08-02,0
individual_4004_2022_2023,5,2022,4004,2022-08-03,63,2022-08-03 02:00:23,47.1674546,7.4027049,summer_rest,false,true,,Central European breeding region,,observed,true,2022-08-03,2022-08-03,0
individual_4004_2022_2023,5,2022,4004,2022-08-04,64,2022-08-04 02:00:23,47.1674583,7.4027168,summer_rest,false,true,,Central European breeding region,,observed,true,2022-08-04,2022-08-04,0
individual_4004_2022_2023,5,2022,4004,2022-08-05,65,2022-08-05 02:00:23,47.1674259,7.4027267,summer_rest,false,true,,Central European breeding region,,observed,true,2022-08-05,2022-08-05,0
individual_4004_2022_2023,5,2022,4004,2022-08-06,66,2022-08-06 02:00:23,47.1674449,7.4027314,summer_rest,false,true,,Central European breeding region,,observed,true,2022-08-06,2022-08-06,0
individual_4004_2022_2023,5,2022,4004,2022-08-07,67,2022-08-07 02:00:23,47.1674371,7.4027217,summer_rest,false,true,,Central European breeding region,,observed,true,2022-08-07,2022-08-07,0
individual_4004_2022_2023,5,2022,4004,2022-08-08,68,2022-08-08 02:00:23,47.1674496,7.402731,summer_rest,false,true,,Central European breeding region,,observed,true,2022-08-08,2022-08-08,0
individual_4004_2022_2023,5,2022,4004,2022-08-09,69,2022-08-09 02:00:23,47.1674488,7.4031234,summer_rest,false,true,,Central European breeding region,,observed,true,2022-08-09,2022-08-09,0
individual_4004_2022_2023,5,2022,4004,2022-08-10,70,2022-08-10 02:00:23,47.1674434,7.4031091,summer_rest,false,true,,Central European breeding region,,observed,true,2022-08-10,2022-08-10,0
individual_4004_2022_2023,5,2022,4004,2022-08-11,71,2022-08-11 02:00:23,47.1674279,7.4030823,summer_rest,false,true,,Central European breeding region,,observed,true,2022-08-11,2022-08-11,0
individual_4004_2022_2023,5,2022,4004,2022-08-12,72,2022-08-12 02:00:23,47.1674285,7.4031098,summer_rest,false,true,,Central European breeding region,,observed,true,2022-08-12,2022-08-12,0
individual_4004_2022_2023,5,2022,4004,2022-08-13,73,2022-08-13 02:00:23,47.1674114,7.4030946,summer_rest,false,true,,Central European breeding region,,observed,true,2022-08-13,2022-08-13,0
individual_4004_2022_2023,5,2022,4004,2022-08-14,74,2022-08-14 02:00:23,47.1674168,7.4030919,summer_rest,false,true,,Central European breeding region,,observed,true,2022-08-14,2022-08-14,0
individual_4004_2022_2023,5,2022,4004,2022-08-15,75,2022-08-15 02:00:23,47.1674351,7.4031039,summer_rest,false,true,,Central European breeding region,,observed,true,2022-08-15,2022-08-15,0
individual_4004_2022_2023,5,2022,4004,2022-08-16,76,2022-08-16 02:00:23,47.1674056,7.4031102,summer_rest,false,true,,Central European breeding region,,observed,true,2022-08-16,2022-08-16,0
individual_4004_2022_2023,5,2022,4004,2022-08-17,77,2022-08-17 02:00:23,47.1674223,7.4031031,summer_rest,false,true,,Central European breeding region,,observed,true,2022-08-17,2022-08-17,0
individual_4004_2022_2023,5,2022,4004,2022-08-18,78,2022-08-18 02:00:23,47.1674643,7.4030792,summer_rest,false,true,,Central European breeding region,,observed,true,2022-08-18,2022-08-18,0
individual_4004_2022_2023,5,2022,4004,2022-08-19,79,2022-08-19 02:00:23,47.1674318,7.403097,summer_rest,false,true,,Central European breeding region,,observed,true,2022-08-19,2022-08-19,0
individual_4004_2022_2023,5,2022,4004,2022-08-20,80,2022-08-20 02:00:23,47.1674523,7.4031075,summer_rest,false,true,,Central European breeding region,,observed,true,2022-08-20,2022-08-20,0
individual_4004_2022_2023,5,2022,4004,2022-08-21,81,2022-08-21 02:00:23,47.1674097,7.4031111,summer_rest,false,true,,Central European breeding region,,observed,true,2022-08-21,2022-08-21,0
individual_4004_2022_2023,5,2022,4004,2022-08-22,82,2022-08-22 02:00:23,47.1674289,7.4031051,summer_rest,false,true,,Central European breeding region,,observed,true,2022-08-22,2022-08-22,0
individual_4004_2022_2023,5,2022,4004,2022-08-23,83,2022-08-23 02:00:23,47.1674442,7.4031238,summer_rest,false,true,,Central European breeding region,,observed,true,2022-08-23,2022-08-23,0
individual_4004_2022_2023,5,2022,4004,2022-08-24,84,2022-08-24 02:00:23,47.1674731,7.4031285,summer_rest,false,true,,Central European breeding region,,observed,true,2022-08-24,2022-08-24,0
individual_4004_2022_2023,5,2022,4004,2022-08-25,85,2022-08-25 02:00:23,47.167405,7.4031259,summer_rest,false,true,,Central European breeding region,,observed,true,2022-08-25,2022-08-25,0
individual_4004_2022_2023,5,2022,4004,2022-08-26,86,2022-08-26 02:00:23,47.1674255,7.4030902,summer_rest,false,true,,Central European breeding region,,observed,true,2022-08-26,2022-08-26,0
individual_4004_2022_2023,5,2022,4004,2022-08-27,87,2022-08-27 02:00:23,47.1674185,7.4031027,summer_rest,false,true,,Central European breeding region,,observed,true,2022-08-27,2022-08-27,0
individual_4004_2022_2023,5,2022,4004,2022-08-28,88,2022-08-28 02:00:23,47.1674087,7.4031137,summer_rest,false,true,,Central European breeding region,,observed,true,2022-08-28,2022-08-28,0
individual_4004_2022_2023,5,2022,4004,2022-08-29,89,2022-08-29 02:00:23,47.1674102,7.4030853,summer_rest,false,true,,Central European breeding region,,observed,true,2022-08-29,2022-08-29,0
individual_4004_2022_2023,5,2022,4004,2022-08-30,90,2022-08-30 02:00:23,47.1674608,7.4030892,summer_rest,false,true,,Central European breeding region,,observed,true,2022-08-30,2022-08-30,0
individual_4004_2022_2023,5,2022,4004,2022-08-31,91,2022-08-31 02:00:23,47.1674296,7.403115,summer_rest,false,true,,Central European breeding region,,observed,true,2022-08-31,2022-08-31,0
individual_4004_2022_2023,5,2022,4004,2022-09-01,92,2022-09-01 02:00:23,47.1674531,7.4031058,summer_rest,false,true,,Central European breeding region,,observed,true,2022-09-01,2022-09-01,0
individual_4004_2022_2023,5,2022,4004,2022-09-02,93,2022-09-02 02:00:23,47.1674591,7.4030889,summer_rest,false,true,,Central European breeding region,,observed,true,2022-09-02,2022-09-02,0
individual_4004_2022_2023,5,2022,4004,2022-09-03,94,2022-09-03 02:00:23,47.1674444,7.4030539,summer_rest,false,true,,Central European breeding region,,observed,true,2022-09-03,2022-09-03,0
individual_4004_2022_2023,5,2022,4004,2022-09-04,95,2022-09-04 02:00:23,47.1674398,7.4030897,summer_rest,false,true,,Central European breeding region,,observed,true,2022-09-04,2022-09-04,0
individual_4004_2022_2023,5,2022,4004,2022-09-05,96,2022-09-05 02:00:23,47.167422,7.4031141,summer_rest,false,true,,Central European breeding region,,observed,true,2022-09-05,2022-09-05,0
individual_4004_2022_2023,5,2022,4004,2022-09-06,97,2022-09-06 02:00:23,47.1674206,7.4030999,summer_rest,false,true,,Central European breeding region,,observed,true,2022-09-06,2022-09-06,0
individual_4004_2022_2023,5,2022,4004,2022-09-07,98,2022-09-07 02:00:23,47.167441,7.4031492,summer_rest,false,true,,Central European breeding region,,observed,true,2022-09-07,2022-09-07,0
individual_4004_2022_2023,5,2022,4004,2022-09-08,99,2022-09-08 02:00:23,47.1674509,7.4031159,summer_rest,false,true,,Central European breeding region,,observed,true,2022-09-08,2022-09-08,0
individual_4004_2022_2023,5,2022,4004,2022-09-09,100,2022-09-09 02:00:23,47.1674247,7.4030855,summer_rest,false,true,,Central European breeding region,,observed,true,2022-09-09,2022-09-09,0
individual_4004_2022_2023,5,2022,4004,2022-09-10,101,2022-09-10 02:00:23,47.1674583,7.4031163,summer_rest,false,true,,Central European breeding region,,observed,true,2022-09-10,2022-09-10,0
individual_4004_2022_2023,5,2022,4004,2022-09-11,102,2022-09-11 02:00:23,47.16744,7.4031063,summer_rest,false,true,,Central European breeding region,,observed,true,2022-09-11,2022-09-11,0
individual_4004_2022_2023,5,2022,4004,2022-09-12,103,2022-09-12 02:00:23,45.5904741,5.2714617,autumn_migration,true,false,autumn_departure,,Spain,observed,true,2022-09-12,2022-09-12,0
individual_4004_2022_2023,5,2022,4004,2022-09-13,104,2022-09-13 02:00:23,44.8381538,4.8940309,autumn_migration,true,false,,,Spain,observed,true,2022-09-13,2022-09-13,0
individual_4004_2022_2023,5,2022,4004,2022-09-14,105,2022-09-14 02:00:23,44.5451646,4.748133,autumn_migration,true,false,,,Spain,observed,true,2022-09-14,2022-09-14,0
individual_4004_2022_2023,5,2022,4004,2022-09-15,106,2022-09-15 02:00:23,44.1659559,4.6179324,autumn_migration,true,false,,,Spain,observed,true,2022-09-15,2022-09-15,0
individual_4004_2022_2023,5,2022,4004,2022-09-16,107,2022-09-16 02:00:23,43.6126802,4.1597485,autumn_migration,true,false,,,Spain,observed,true,2022-09-16,2022-09-16,0
individual_4004_2022_2023,5,2022,4004,2022-09-17,108,2022-09-17 02:00:23,43.2359039,3.2152702,autumn_migration,true,false,,,Spain,observed,true,2022-09-17,2022-09-17,0
individual_4004_2022_2023,5,2022,4004,2022-09-18,109,2022-09-18 02:00:23,41.6989472,1.0062558,autumn_migration,true,false,,,Spain,observed,true,2022-09-18,2022-09-18,0
individual_4004_2022_2023,5,2022,4004,2022-09-19,110,2022-09-19 02:00:23,41.5690955,-0.7094406,autumn_migration,true,false,,,Spain,observed,true,2022-09-19,2022-09-19,0
individual_4004_2022_2023,5,2022,4004,2022-09-20,111,2022-09-20 02:00:23,41.5887232,-0.8233814,autumn_migration,true,false,,,Spain,observed,true,2022-09-20,2022-09-20,0
individual_4004_2022_2023,5,2022,4004,2022-09-21,112,2022-09-21 02:00:23,41.5680964,-0.8503539,autumn_migration,true,false,,,Spain,observed,true,2022-09-21,2022-09-21,0
individual_4004_2022_2023,5,2022,4004,2022-09-22,113,2022-09-22 02:00:23,41.5617347,-0.8551498,autumn_migration,true,false,,,Spain,observed,true,2022-09-22,2022-09-22,0
individual_4004_2022_2023,5,2022,4004,2022-09-23,114,2022-09-23 02:00:23,40.6600454,-3.1814295,winter_rest,false,true,autumn_arrival,Spain / Iberia,Spain,observed,true,2022-09-23,2022-09-23,0
individual_4004_2022_2023,5,2022,4004,2022-09-24,115,2022-09-24 02:00:23,40.259621,-3.6408653,winter_rest,false,true,,Spain / Iberia,Spain,observed,true,2022-09-24,2022-09-24,0
individual_4004_2022_2023,5,2022,4004,2022-09-25,116,2022-09-25 02:00:23,40.25962,-3.640831,winter_rest,false,true,,Spain / Iberia,Spain,observed,true,2022-09-25,2022-09-25,0
individual_4004_2022_2023,5,2022,4004,2022-09-26,117,2022-09-26 02:00:23,39.857101,-4.2779712,winter_rest,false,true,,Spain / Iberia,Spain,observed,true,2022-09-26,2022-09-26,0
individual_4004_2022_2023,5,2022,4004,2022-09-27,118,2022-09-27 02:00:23,39.8579886,-4.1676212,winter_rest,false,true,,Spain / Iberia,Spain,observed,true,2022-09-27,2022-09-27,0
individual_4004_2022_2023,5,2022,4004,2022-09-28,119,2022-09-28 02:00:23,39.8579833,-4.1679035,winter_rest,false,true,,Spain / Iberia,Spain,observed,true,2022-09-28,2022-09-28,0
individual_4004_2022_2023,5,2022,4004,2022-09-29,120,2022-09-29 02:00:23,39.8602897,-4.1636367,winter_rest,false,true,,Spain / Iberia,Spain,observed,true,2022-09-29,2022-09-29,0
individual_4004_2022_2023,5,2022,4004,2022-09-30,121,2022-09-30 02:00:23,39.8585244,-4.1630443,winter_rest,false,true,,Spain / Iberia,Spain,observed,true,2022-09-30,2022-09-30,0
individual_4004_2022_2023,5,2022,4004,2022-10-01,122,2022-10-01 02:00:23,39.8583671,-4.1642012,winter_rest,false,true,,Spain / Iberia,Spain,observed,true,2022-10-01,2022-10-01,0
individual_4004_2022_2023,5,2022,4004,2022-10-02,123,2022-10-02 02:00:23,39.8585342,-4.1640676,winter_rest,false,true,,Spain / Iberia,Spain,observed,true,2022-10-02,2022-10-02,0
individual_4004_2022_2023,5,2022,4004,2022-10-03,124,2022-10-03 02:00:23,39.8379839,-4.265189,winter_rest,false,true,,Spain / Iberia,Spain,observed,true,2022-10-03,2022-10-03,0
individual_4004_2022_2023,5,2022,4004,2022-10-04,125,2022-10-04 02:00:23,39.8368708,-4.2656488,winter_rest,false,true,,Spain / Iberia,Spain,observed,true,2022-10-04,2022-10-04,0
individual_4004_2022_2023,5,2022,4004,2022-10-05,126,2022-10-05 02:00:23,39.8369339,-4.265646,winter_rest,false,true,,Spain / Iberia,Spain,observed,true,2022-10-05,2022-10-05,0
individual_4004_2022_2023,5,2022,4004,2022-10-06,127,2022-10-06 02:00:23,39.8367278,-4.2653987,winter_rest,false,true,,Spain / Iberia,Spain,observed,true,2022-10-06,2022-10-06,0
individual_4004_2022_2023,5,2022,4004,2022-10-07,128,2022-10-07 02:00:23,39.8379075,-4.2653426,winter_rest,false,true,,Spain / Iberia,Spain,observed,true,2022-10-07,2022-10-07,0
individual_4004_2022_2023,5,2022,4004,2022-10-08,129,2022-10-08 02:00:23,39.8583858,-4.1641778,winter_rest,false,true,,Spain / Iberia,Spain,observed,true,2022-10-08,2022-10-08,0
individual_4004_2022_2023,5,2022,4004,2022-10-09,130,2022-10-09 02:00:23,39.8393958,-4.2659387,winter_rest,false,true,,Spain / Iberia,Spain,observed,true,2022-10-09,2022-10-09,0
individual_4004_2022_2023,5,2022,4004,2022-10-10,131,2022-10-10 02:00:23,39.8579402,-4.168074,winter_rest,false,true,,Spain / Iberia,Spain,observed,true,2022-10-10,2022-10-10,0
individual_4004_2022_2023,5,2022,4004,2022-10-11,132,2022-10-11 02:00:23,39.8370841,-4.2655639,winter_rest,false,true,,Spain / Iberia,Spain,observed,true,2022-10-11,2022-10-11,0
individual_4004_2022_2023,5,2022,4004,2022-10-12,133,2022-10-12 02:00:23,39.8386145,-4.2656646,winter_rest,false,true,,Spain / Iberia,Spain,observed,true,2022-10-12,2022-10-12,0
individual_4004_2022_2023,5,2022,4004,2022-10-13,134,2022-10-13 02:00:23,39.8370582,-4.2655832,winter_rest,false,true,,Spain / Iberia,Spain,observed,true,2022-10-13,2022-10-13,0
individual_4004_2022_2023,5,2022,4004,2022-10-14,135,2022-10-14 02:00:23,39.8367746,-4.2656187,winter_rest,false,true,,Spain / Iberia,Spain,observed,true,2022-10-14,2022-10-14,0
individual_4004_2022_2023,5,2022,4004,2022-10-15,136,2022-10-15 02:00:23,39.8367436,-4.2655141,winter_rest,false,true,,Spain / Iberia,Spain,observed,true,2022-10-15,2022-10-15,0
individual_4004_2022_2023,5,2022,4004,2022-10-16,137,2022-10-16 02:00:23,39.8438371,-4.2703679,winter_rest,false,true,,Spain / Iberia,Spain,observed,true,2022-10-16,2022-10-16,0
individual_4004_2022_2023,5,2022,4004,2022-10-17,138,2022-10-17 02:00:23,39.8440831,-4.2704484,winter_rest,false,true,,Spain / Iberia,Spain,observed,true,2022-10-17,2022-10-17,0
individual_4004_2022_2023,5,2022,4004,2022-10-18,139,2022-10-18 02:00:23,39.8442021,-4.2706872,winter_rest,false,true,,Spain / Iberia,Spain,observed,true,2022-10-18,2022-10-18,0
individual_4004_2022_2023,5,2022,4004,2022-10-19,140,2022-10-19 02:00:23,39.8441862,-4.2706287,winter_rest,false,true,,Spain / Iberia,Spain,observed,true,2022-10-19,2022-10-19,0
individual_4004_2022_2023,5,2022,4004,2022-10-20,141,2022-10-20 02:00:23,39.8442353,-4.2705775,winter_rest,false,true,,Spain / Iberia,Spain,observed,true,2022-10-20,2022-10-20,0
individual_4004_2022_2023,5,2022,4004,2022-10-21,142,2022-10-21 02:00:23,39.8448911,-4.2715126,winter_rest,false,true,,Spain / Iberia,Spain,observed,true,2022-10-21,2022-10-21,0
individual_4004_2022_2023,5,2022,4004,2022-10-22,143,2022-10-22 02:00:23,39.8464454,-4.2711371,winter_rest,false,true,,Spain / Iberia,Spain,observed,true,2022-10-22,2022-10-22,0
individual_4004_2022_2023,5,2022,4004,2022-10-23,144,2022-10-23 02:00:23,39.8455833,-4.2713771,winter_rest,false,true,,Spain / Iberia,Spain,observed,true,2022-10-23,2022-10-23,0
individual_4004_2022_2023,5,2022,4004,2022-10-24,145,2022-10-24 02:00:23,39.8463209,-4.2712393,winter_rest,false,true,,Spain / Iberia,Spain,observed,true,2022-10-24,2022-10-24,0
individual_4004_2022_2023,5,2022,4004,2022-10-25,146,2022-10-25 02:00:23,39.8462582,-4.2711855,winter_rest,false,true,,Spain / Iberia,Spain,observed,true,2022-10-25,2022-10-25,0
individual_4004_2022_2023,5,2022,4004,2022-10-26,147,2022-10-26 02:00:23,39.8455564,-4.2709787,winter_rest,false,true,,Spain / Iberia,Spain,observed,true,2022-10-26,2022-10-26,0
individual_4004_2022_2023,5,2022,4004,2022-10-27,148,2022-10-27 02:00:23,39.8453762,-4.2714631,winter_rest,false,true,,Spain / Iberia,Spain,observed,true,2022-10-27,2022-10-27,0
individual_4004_2022_2023,5,2022,4004,2022-10-28,149,2022-10-28 02:00:23,39.8452459,-4.2704734,winter_rest,false,true,,Spain / Iberia,Spain,observed,true,2022-10-28,2022-10-28,0
individual_4004_2022_2023,5,2022,4004,2022-10-29,150,2022-10-29 02:00:23,39.8453715,-4.2705754,winter_rest,false,true,,Spain / Iberia,Spain,observed,true,2022-10-29,2022-10-29,0
individual_4004_2022_2023,5,2022,4004,2022-10-30,151,2022-10-30 02:00:23,39.8454184,-4.2709242,winter_rest,false,true,,Spain / Iberia,Spain,observed,true,2022-10-30,2022-10-30,0
individual_4004_2022_2023,5,2022,4004,2022-10-31,152,2022-10-31 02:00:23,39.8463223,-4.2717894,winter_rest,false,true,,Spain / Iberia,Spain,observed,true,2022-10-31,2022-10-31,0
individual_4004_2022_2023,5,2022,4004,2022-11-01,153,2022-11-01 02:00:23,39.846222,-4.2713749,winter_rest,false,true,,Spain / Iberia,Spain,observed,true,2022-11-01,2022-11-01,0
individual_4004_2022_2023,5,2022,4004,2022-11-02,154,2022-11-02 02:00:23,39.8463218,-4.2714024,winter_rest,false,true,,Spain / Iberia,Spain,observed,true,2022-11-02,2022-11-02,0
individual_4004_2022_2023,5,2022,4004,2022-11-03,155,2022-11-03 02:00:23,39.8441874,-4.2647228,winter_rest,false,true,,Spain / Iberia,Spain,observed,true,2022-11-03,2022-11-03,0
individual_4004_2022_2023,5,2022,4004,2022-11-04,156,2022-11-04 02:00:23,39.8490911,-4.2663755,winter_rest,false,true,,Spain / Iberia,Spain,observed,true,2022-11-04,2022-11-04,0
individual_4004_2022_2023,5,2022,4004,2022-11-05,157,2022-11-05 02:00:23,39.8479814,-4.2660765,winter_rest,false,true,,Spain / Iberia,Spain,observed,true,2022-11-05,2022-11-05,0
individual_4004_2022_2023,5,2022,4004,2022-11-06,158,2022-11-06 02:00:23,39.8564625,-4.2766509,winter_rest,false,true,,Spain / Iberia,Spain,observed,true,2022-11-06,2022-11-06,0
individual_4004_2022_2023,5,2022,4004,2022-11-07,159,2022-11-07 02:00:23,39.8489065,-4.2663149,winter_rest,false,true,,Spain / Iberia,Spain,observed,true,2022-11-07,2022-11-07,0
individual_4004_2022_2023,5,2022,4004,2022-11-08,160,2022-11-08 02:00:23,39.8489829,-4.2664175,winter_rest,false,true,,Spain / Iberia,Spain,observed,true,2022-11-08,2022-11-08,0
individual_4004_2022_2023,5,2022,4004,2022-11-09,161,2022-11-09 02:00:23,39.8488595,-4.2662105,winter_rest,false,true,,Spain / Iberia,Spain,observed,true,2022-11-09,2022-11-09,0
individual_4004_2022_2023,5,2022,4004,2022-11-10,162,2022-11-10 02:00:23,39.8473085,-4.2702533,winter_rest,false,true,,Spain / Iberia,Spain,observed,true,2022-11-10,2022-11-10,0
individual_4004_2022_2023,5,2022,4004,2022-11-11,163,2022-11-11 02:00:23,39.8475932,-4.2706316,winter_rest,false,true,,Spain / Iberia,Spain,observed,true,2022-11-11,2022-11-11,0
individual_4004_2022_2023,5,2022,4004,2022-11-12,164,2022-11-12 02:00:23,39.8481529,-4.2710511,winter_rest,false,true,,Spain / Iberia,Spain,observed,true,2022-11-12,2022-11-12,0
individual_4004_2022_2023,5,2022,4004,2022-11-13,165,2022-11-13 02:00:23,39.8464755,-4.2695658,winter_rest,false,true,,Spain / Iberia,Spain,observed,true,2022-11-13,2022-11-13,0
individual_4004_2022_2023,5,2022,4004,2022-11-14,166,2022-11-14 02:00:23,39.8467073,-4.2697244,winter_rest,false,true,,Spain / Iberia,Spain,observed,true,2022-11-14,2022-11-14,0
individual_4004_2022_2023,5,2022,4004,2022-11-15,167,2022-11-15 02:00:23,39.8489549,-4.2713141,winter_rest,false,true,,Spain / Iberia,Spain,observed,true,2022-11-15,2022-11-15,0
individual_4004_2022_2023,5,2022,4004,2022-11-16,168,2022-11-16 02:00:23,39.8479047,-4.2706317,winter_rest,false,true,,Spain / Iberia,Spain,observed,true,2022-11-16,2022-11-16,0
individual_4004_2022_2023,5,2022,4004,2022-11-17,169,2022-11-17 02:00:23,39.8473124,-4.2701112,winter_rest,false,true,,Spain / Iberia,Spain,observed,true,2022-11-17,2022-11-17,0
individual_4004_2022_2023,5,2022,4004,2022-11-18,170,2022-11-18 02:00:23,39.8662376,-4.2804502,winter_rest,false,true,,Spain / Iberia,Spain,observed,true,2022-11-18,2022-11-18,0
individual_4004_2022_2023,5,2022,4004,2022-11-19,171,2022-11-19 02:00:23,39.8467829,-4.2699048,winter_rest,false,true,,Spain / Iberia,Spain,observed,true,2022-11-19,2022-11-19,0
individual_4004_2022_2023,5,2022,4004,2022-11-20,172,2022-11-20 02:00:23,39.8474174,-4.2702522,winter_rest,false,true,,Spain / Iberia,Spain,observed,true,2022-11-20,2022-11-20,0
individual_4004_2022_2023,5,2022,4004,2022-11-21,173,2022-11-21 02:00:23,39.8624105,-4.2789658,winter_rest,false,true,,Spain / Iberia,Spain,observed,true,2022-11-21,2022-11-21,0
individual_4004_2022_2023,5,2022,4004,2022-11-22,174,2022-11-22 02:00:23,39.8400906,-4.2567186,winter_rest,false,true,,Spain / Iberia,Spain,observed,true,2022-11-22,2022-11-22,0
individual_4004_2022_2023,5,2022,4004,2022-11-23,175,2022-11-23 02:00:23,39.8448138,-4.2692065,winter_rest,false,true,,Spain / Iberia,Spain,observed,true,2022-11-23,2022-11-23,0
individual_4004_2022_2023,5,2022,4004,2022-11-24,176,2022-11-24 02:00:23,39.8457335,-4.2694036,winter_rest,false,true,,Spain / Iberia,Spain,observed,true,2022-11-24,2022-11-24,0
individual_4004_2022_2023,5,2022,4004,2022-11-25,177,2022-11-25 02:00:23,39.8479537,-4.2703731,winter_rest,false,true,,Spain / Iberia,Spain,observed,true,2022-11-25,2022-11-25,0
individual_4004_2022_2023,5,2022,4004,2022-11-26,178,2022-11-26 02:00:23,39.8472763,-4.2699746,winter_rest,false,true,,Spain / Iberia,Spain,observed,true,2022-11-26,2022-11-26,0
individual_4004_2022_2023,5,2022,4004,2022-11-27,179,2022-11-27 02:00:23,39.8480361,-4.2705285,winter_rest,false,true,,Spain / Iberia,Spain,observed,true,2022-11-27,2022-11-27,0
individual_4004_2022_2023,5,2022,4004,2022-11-28,180,2022-11-28 02:00:23,39.8467546,-4.2698096,winter_rest,false,true,,Spain / Iberia,Spain,observed,true,2022-11-28,2022-11-28,0
individual_4004_2022_2023,5,2022,4004,2022-11-29,181,2022-11-29 02:00:23,39.8467417,-4.269764,winter_rest,false,true,,Spain / Iberia,Spain,observed,true,2022-11-29,2022-11-29,0
individual_4004_2022_2023,5,2022,4004,2022-11-30,182,2022-11-30 02:00:23,39.8489282,-4.2714782,winter_rest,false,true,,Spain / Iberia,Spain,observed,true,2022-11-30,2022-11-30,0
individual_4004_2022_2023,5,2022,4004,2022-12-01,183,2022-12-01 02:00:23,39.8582688,-4.2795542,winter_rest,false,true,,Spain / Iberia,Spain,observed,true,2022-12-01,2022-12-01,0
individual_4004_2022_2023,5,2022,4004,2022-12-02,184,2022-12-02 02:00:23,39.8541841,-4.2769863,winter_rest,false,true,,Spain / Iberia,Spain,observed,true,2022-12-02,2022-12-02,0
individual_4004_2022_2023,5,2022,4004,2022-12-03,185,2022-12-03 02:00:23,39.8454021,-4.270258,winter_rest,false,true,,Spain / Iberia,Spain,observed,true,2022-12-03,2022-12-03,0
individual_4004_2022_2023,5,2022,4004,2022-12-04,186,2022-12-04 02:00:23,39.8454865,-4.2703131,winter_rest,false,true,,Spain / Iberia,Spain,observed,true,2022-12-04,2022-12-04,0
individual_4004_2022_2023,5,2022,4004,2022-12-05,187,2022-12-05 02:00:23,39.8456895,-4.2703248,winter_rest,false,true,,Spain / Iberia,Spain,observed,true,2022-12-05,2022-12-05,0
individual_4004_2022_2023,5,2022,4004,2022-12-06,188,2022-12-06 02:00:23,39.8459014,-4.2703683,winter_rest,false,true,,Spain / Iberia,Spain,observed,true,2022-12-06,2022-12-06,0
individual_4004_2022_2023,5,2022,4004,2022-12-07,189,2022-12-07 02:00:23,39.8457446,-4.2718658,winter_rest,false,true,,Spain / Iberia,Spain,observed,true,2022-12-07,2022-12-07,0
individual_4004_2022_2023,5,2022,4004,2022-12-08,190,2022-12-08 02:00:23,39.8452604,-4.2719159,winter_rest,false,true,,Spain / Iberia,Spain,observed,true,2022-12-08,2022-12-08,0
individual_4004_2022_2023,5,2022,4004,2022-12-09,191,2022-12-09 02:00:23,39.857767,-4.2789037,winter_rest,false,true,,Spain / Iberia,Spain,observed,true,2022-12-09,2022-12-09,0
individual_4004_2022_2023,5,2022,4004,2022-12-10,192,2022-12-10 02:00:23,39.8418769,-4.2659458,winter_rest,false,true,,Spain / Iberia,Spain,observed,true,2022-12-10,2022-12-10,0
individual_4004_2022_2023,5,2022,4004,2022-12-11,193,2022-12-11 02:00:23,39.845995,-4.270434,winter_rest,false,true,,Spain / Iberia,Spain,observed,true,2022-12-11,2022-12-11,0
individual_4004_2022_2023,5,2022,4004,2022-12-12,194,2022-12-12 02:00:23,39.8418107,-4.2652691,winter_rest,false,true,,Spain / Iberia,Spain,observed,true,2022-12-12,2022-12-12,0
individual_4004_2022_2023,5,2022,4004,2022-12-13,195,2022-12-13 02:00:23,39.8453612,-4.2706293,winter_rest,false,true,,Spain / Iberia,Spain,observed,true,2022-12-13,2022-12-13,0
individual_4004_2022_2023,5,2022,4004,2022-12-14,196,2022-12-14 02:00:23,39.8453535,-4.2705017,winter_rest,false,true,,Spain / Iberia,Spain,observed,true,2022-12-14,2022-12-14,0
individual_4004_2022_2023,5,2022,4004,2022-12-15,197,2022-12-15 02:00:23,39.8453186,-4.2704687,winter_rest,false,true,,Spain / Iberia,Spain,observed,true,2022-12-15,2022-12-15,0
individual_4004_2022_2023,5,2022,4004,2022-12-16,198,2022-12-16 02:00:23,39.8454246,-4.2706021,winter_rest,false,true,,Spain / Iberia,Spain,observed,true,2022-12-16,2022-12-16,0
individual_4004_2022_2023,5,2022,4004,2022-12-17,199,2022-12-17 02:00:23,39.8463487,-4.2716281,winter_rest,false,true,,Spain / Iberia,Spain,observed,true,2022-12-17,2022-12-17,0
individual_4004_2022_2023,5,2022,4004,2022-12-18,200,2022-12-18 02:00:23,39.8458465,-4.2707009,winter_rest,false,true,,Spain / Iberia,Spain,observed,true,2022-12-18,2022-12-18,0
individual_4004_2022_2023,5,2022,4004,2022-12-19,201,2022-12-19 02:00:23,39.887985,-4.1869968,winter_rest,false,true,,Spain / Iberia,Spain,observed,true,2022-12-19,2022-12-19,0
individual_4004_2022_2023,5,2022,4004,2022-12-20,202,2022-12-20 02:00:23,39.8878297,-4.1867777,winter_rest,false,true,,Spain / Iberia,Spain,observed,true,2022-12-20,2022-12-20,0
individual_4004_2022_2023,5,2022,4004,2022-12-21,203,2022-12-21 02:00:23,39.8458443,-4.2706941,winter_rest,false,true,,Spain / Iberia,Spain,observed,true,2022-12-21,2022-12-21,0
individual_4004_2022_2023,5,2022,4004,2022-12-22,204,2022-12-22 02:00:23,39.888682,-4.1727592,winter_rest,false,true,,Spain / Iberia,Spain,observed,true,2022-12-22,2022-12-22,0
individual_4004_2022_2023,5,2022,4004,2022-12-23,205,2022-12-23 02:00:23,39.8881878,-4.1731838,winter_rest,false,true,,Spain / Iberia,Spain,observed,true,2022-12-23,2022-12-23,0
individual_4004_2022_2023,5,2022,4004,2022-12-24,206,2022-12-24 02:00:23,39.8884525,-4.1729178,winter_rest,false,true,,Spain / Iberia,Spain,observed,true,2022-12-24,2022-12-24,0
individual_4004_2022_2023,5,2022,4004,2022-12-25,207,2022-12-25 11:00:23,39.8543064,-4.1656467,winter_rest,false,true,,Spain / Iberia,Spain,observed,true,2022-12-25,2022-12-25,0
individual_4004_2022_2023,5,2022,4004,2022-12-26,208,2022-12-26 02:00:23,39.8892215,-4.1771927,winter_rest,false,true,,Spain / Iberia,Spain,observed,true,2022-12-26,2022-12-26,0
individual_4004_2022_2023,5,2022,4004,2022-12-27,209,2022-12-27 13:00:23,39.8555516,-4.1664764,winter_rest,false,true,,Spain / Iberia,Spain,observed,true,2022-12-27,2022-12-27,0
individual_4004_2022_2023,5,2022,4004,2022-12-28,210,2022-12-28 12:00:23,39.8541919,-4.2377725,winter_rest,false,true,,Spain / Iberia,Spain,observed,true,2022-12-28,2022-12-28,0
individual_4004_2022_2023,5,2022,4004,2022-12-29,211,2022-12-29 02:00:23,39.8459871,-4.2708854,winter_rest,false,true,,Spain / Iberia,Spain,observed,true,2022-12-29,2022-12-29,0
individual_4004_2022_2023,5,2022,4004,2022-12-30,212,2022-12-30 13:00:23,39.854988,-4.1658365,winter_rest,false,true,,Spain / Iberia,Spain,observed,true,2022-12-30,2022-12-30,0
individual_4004_2022_2023,5,2022,4004,2022-12-31,213,2022-12-31 05:00:23,39.8888261,-4.1716115,winter_rest,false,true,,Spain / Iberia,Spain,observed,true,2022-12-31,2022-12-31,0
individual_4004_2022_2023,5,2022,4004,2023-01-01,214,2023-01-01 19:00:23,39.8460089,-4.2708313,winter_rest,false,true,,Spain / Iberia,Spain,observed,true,2023-01-01,2023-01-01,0
individual_4004_2022_2023,5,2022,4004,2023-01-02,215,2023-01-02 13:00:23,39.8553898,-4.1672438,winter_rest,false,true,,Spain / Iberia,Spain,observed,true,2023-01-02,2023-01-02,0
individual_4004_2022_2023,5,2022,4004,2023-01-03,216,2023-01-03 02:00:23,39.8436273,-4.2658196,winter_rest,false,true,,Spain / Iberia,Spain,observed,true,2023-01-03,2023-01-03,0
individual_4004_2022_2023,5,2022,4004,2023-01-04,217,2023-01-04 15:00:23,39.8554512,-4.1659122,winter_rest,false,true,,Spain / Iberia,Spain,observed,true,2023-01-04,2023-01-04,0
individual_4004_2022_2023,5,2022,4004,2023-01-05,218,2023-01-05 13:00:23,39.8552894,-4.1672653,winter_rest,false,true,,Spain / Iberia,Spain,observed,true,2023-01-05,2023-01-05,0
individual_4004_2022_2023,5,2022,4004,2023-01-06,219,2023-01-06 03:00:23,39.8886858,-4.1720478,winter_rest,false,true,,Spain / Iberia,Spain,observed,true,2023-01-06,2023-01-06,0
individual_4004_2022_2023,5,2022,4004,2023-01-07,220,2023-01-07 02:00:23,39.8882741,-4.1725835,winter_rest,false,true,,Spain / Iberia,Spain,observed,true,2023-01-07,2023-01-07,0
individual_4004_2022_2023,5,2022,4004,2023-01-08,221,2023-01-08 19:00:23,39.888747,-4.1723487,winter_rest,false,true,,Spain / Iberia,Spain,observed,true,2023-01-08,2023-01-08,0
individual_4004_2022_2023,5,2022,4004,2023-01-09,222,2023-01-09 11:00:23,39.8548714,-4.1661542,winter_rest,false,true,,Spain / Iberia,Spain,observed,true,2023-01-09,2023-01-09,0
individual_4004_2022_2023,5,2022,4004,2023-01-10,223,2023-01-10 02:00:23,39.8460689,-4.2707983,winter_rest,false,true,,Spain / Iberia,Spain,observed,true,2023-01-10,2023-01-10,0
individual_4004_2022_2023,5,2022,4004,2023-01-11,224,2023-01-11 02:00:23,39.8456691,-4.2707377,winter_rest,false,true,,Spain / Iberia,Spain,observed,true,2023-01-11,2023-01-11,0
individual_4004_2022_2023,5,2022,4004,2023-01-12,225,2023-01-12 02:00:23,39.8459546,-4.2708325,winter_rest,false,true,,Spain / Iberia,Spain,observed,true,2023-01-12,2023-01-12,0
individual_4004_2022_2023,5,2022,4004,2023-01-13,226,2023-01-13 15:00:23,39.8555276,-4.1660694,winter_rest,false,true,,Spain / Iberia,Spain,observed,true,2023-01-13,2023-01-13,0
individual_4004_2022_2023,5,2022,4004,2023-01-14,227,2023-01-14 12:00:23,39.8640018,-4.2373991,winter_rest,false,true,,Spain / Iberia,Spain,observed,true,2023-01-14,2023-01-14,0
individual_4004_2022_2023,5,2022,4004,2023-01-15,228,2023-01-15 13:00:23,39.8554658,-4.1667957,winter_rest,false,true,,Spain / Iberia,Spain,observed,true,2023-01-15,2023-01-15,0
individual_4004_2022_2023,5,2022,4004,2023-01-16,229,2023-01-16 17:00:23,39.8680262,-4.210101,winter_rest,false,true,,Spain / Iberia,Spain,observed,true,2023-01-16,2023-01-16,0
individual_4004_2022_2023,5,2022,4004,2023-01-17,230,2023-01-17 12:00:23,40.0546895,-3.6869157,winter_rest,false,true,,Spain / Iberia,Spain,observed,true,2023-01-17,2023-01-17,0
individual_4004_2022_2023,5,2022,4004,2023-01-18,231,2023-01-18 02:00:23,40.307102,-3.5278317,winter_rest,false,true,,Spain / Iberia,Spain,observed,true,2023-01-18,2023-01-18,0
individual_4004_2022_2023,5,2022,4004,2023-01-19,232,2023-01-19 02:00:23,41.3363614,-0.3348599,spring_migration,true,false,spring_departure,,Switzerland,observed,true,2023-01-19,2023-01-19,0
individual_4004_2022_2023,5,2022,4004,2023-01-20,233,2023-01-20 11:00:23,41.623366,0.7093752,spring_migration,true,false,,,Switzerland,observed,true,2023-01-20,2023-01-20,0
individual_4004_2022_2023,5,2022,4004,2023-01-21,234,2023-01-21 02:00:23,42.0082489,3.1304616,spring_migration,true,false,,,Switzerland,observed,true,2023-01-21,2023-01-21,0
individual_4004_2022_2023,5,2022,4004,2023-01-22,235,2023-01-22 02:00:23,42.0078405,3.1309302,spring_migration,true,false,,,Switzerland,observed,true,2023-01-22,2023-01-22,0
individual_4004_2022_2023,5,2022,4004,2023-01-23,236,2023-01-23 02:00:23,41.9984251,3.142311,spring_migration,true,false,,,Switzerland,observed,true,2023-01-23,2023-01-23,0
individual_4004_2022_2023,5,2022,4004,2023-01-24,237,2023-01-24 19:00:23,42.2244907,3.0952132,spring_migration,true,false,,,Switzerland,observed,true,2023-01-24,2023-01-24,0
individual_4004_2022_2023,5,2022,4004,2023-01-25,238,2023-01-25 11:00:23,42.296275,3.0540867,spring_migration,true,false,,,Switzerland,observed,true,2023-01-25,2023-01-25,0
individual_4004_2022_2023,5,2022,4004,2023-01-26,239,2023-01-26 02:00:23,42.2803025,3.1134101,spring_migration,true,false,,,Switzerland,observed,true,2023-01-26,2023-01-26,0
individual_4004_2022_2023,5,2022,4004,2023-01-27,240,2023-01-27 02:00:23,42.284106,3.1106253,spring_migration,true,false,,,Switzerland,observed,true,2023-01-27,2023-01-27,0
individual_4004_2022_2023,5,2022,4004,2023-01-28,241,2023-01-28 02:00:23,42.2813048,3.112447,spring_migration,true,false,,,Switzerland,observed,true,2023-01-28,2023-01-28,0
individual_4004_2022_2023,5,2022,4004,2023-01-29,242,2023-01-29 02:00:23,42.2804459,3.1132669,spring_migration,true,false,,,Switzerland,observed,true,2023-01-29,2023-01-29,0
individual_4004_2022_2023,5,2022,4004,2023-01-30,243,2023-01-30 11:00:23,42.374371,3.1120903,spring_migration,true,false,,,Switzerland,observed,true,2023-01-30,2023-01-30,0
individual_4004_2022_2023,5,2022,4004,2023-01-31,244,2023-01-31 02:00:23,43.1221072,3.0122484,spring_migration,true,false,,,Switzerland,observed,true,2023-01-31,2023-01-31,0
individual_4004_2022_2023,5,2022,4004,2023-02-01,245,2023-02-01 02:00:23,43.6244085,4.2428696,spring_migration,true,false,,,Switzerland,observed,true,2023-02-01,2023-02-01,0
individual_4004_2022_2023,5,2022,4004,2023-02-02,246,2023-02-02 02:00:23,43.5906104,4.6068177,spring_migration,true,false,,,Switzerland,observed,true,2023-02-02,2023-02-02,0
individual_4004_2022_2023,5,2022,4004,2023-02-03,247,2023-02-03 02:00:23,43.5904097,4.6067966,spring_migration,true,false,,,Switzerland,observed,true,2023-02-03,2023-02-03,0
individual_4004_2022_2023,5,2022,4004,2023-02-04,248,2023-02-04 02:00:23,43.5904693,4.6068062,spring_migration,true,false,,,Switzerland,observed,true,2023-02-04,2023-02-04,0
individual_4004_2022_2023,5,2022,4004,2023-02-05,249,2023-02-05 02:00:23,43.5888018,4.6091803,spring_migration,true,false,,,Switzerland,observed,true,2023-02-05,2023-02-05,0
individual_4004_2022_2023,5,2022,4004,2023-02-06,250,2023-02-06 02:00:23,43.5905668,4.6068834,spring_migration,true,false,,,Switzerland,observed,true,2023-02-06,2023-02-06,0
individual_4004_2022_2023,5,2022,4004,2023-02-07,251,2023-02-07 02:00:23,43.6440595,4.4987553,spring_migration,true,false,,,Switzerland,observed,true,2023-02-07,2023-02-07,0
individual_4004_2022_2023,5,2022,4004,2023-02-08,252,2023-02-08 02:00:23,43.6527275,4.5079713,spring_migration,true,false,,,Switzerland,observed,true,2023-02-08,2023-02-08,0
individual_4004_2022_2023,5,2022,4004,2023-02-09,253,2023-02-09 02:00:23,43.6529269,4.5084308,spring_migration,true,false,,,Switzerland,observed,true,2023-02-09,2023-02-09,0
individual_4004_2022_2023,5,2022,4004,2023-02-10,254,2023-02-10 02:00:23,43.6531969,4.5084397,spring_migration,true,false,,,Switzerland,observed,true,2023-02-10,2023-02-10,0
individual_4004_2022_2023,5,2022,4004,2023-02-11,255,2023-02-11 02:00:23,43.6413089,4.5109077,spring_migration,true,false,,,Switzerland,observed,true,2023-02-11,2023-02-11,0
individual_4004_2022_2023,5,2022,4004,2023-02-12,256,2023-02-12 02:00:23,44.4516908,4.754453,spring_migration,true,false,,,Switzerland,observed,true,2023-02-12,2023-02-12,0
individual_4004_2022_2023,5,2022,4004,2023-02-13,257,2023-02-13 02:00:23,45.1899999,4.8918578,spring_migration,true,false,,,Switzerland,observed,true,2023-02-13,2023-02-13,0
individual_4004_2022_2023,5,2022,4004,2023-02-14,258,2023-02-14 02:00:23,46.1944107,6.1155054,spring_migration,true,false,,,Switzerland,observed,true,2023-02-14,2023-02-14,0
individual_4004_2022_2023,5,2022,4004,2023-02-15,259,2023-02-15 02:00:23,47.1674497,7.4031024,summer_rest,false,true,spring_arrival,Central European breeding region,,observed,true,2023-02-15,2023-02-15,0
individual_4004_2022_2023,5,2022,4004,2023-02-16,260,2023-02-16 02:00:23,47.16746,7.4031062,summer_rest,false,true,,Central European breeding region,,observed,true,2023-02-16,2023-02-16,0
individual_4004_2022_2023,5,2022,4004,2023-02-17,261,2023-02-17 02:00:23,47.1674425,7.4030871,summer_rest,false,true,,Central European breeding region,,observed,true,2023-02-17,2023-02-17,0
individual_4004_2022_2023,5,2022,4004,2023-02-18,262,2023-02-18 02:00:23,47.1674221,7.4031503,summer_rest,false,true,,Central European breeding region,,observed,true,2023-02-18,2023-02-18,0
individual_4004_2022_2023,5,2022,4004,2023-02-19,263,2023-02-19 02:00:23,47.1674254,7.4030896,summer_rest,false,true,,Central European breeding region,,observed,true,2023-02-19,2023-02-19,0
individual_4004_2022_2023,5,2022,4004,2023-02-20,264,2023-02-20 02:00:23,47.1674622,7.4030708,summer_rest,false,true,,Central European breeding region,,observed,true,2023-02-20,2023-02-20,0
individual_4004_2022_2023,5,2022,4004,2023-02-21,265,2023-02-21 02:00:23,47.1674574,7.4031073,summer_rest,false,true,,Central European breeding region,,observed,true,2023-02-21,2023-02-21,0
individual_4004_2022_2023,5,2022,4004,2023-02-22,266,2023-02-22 02:00:23,47.1674437,7.4031217,summer_rest,false,true,,Central European breeding region,,observed,true,2023-02-22,2023-02-22,0
individual_4004_2022_2023,5,2022,4004,2023-02-23,267,2023-02-23 02:00:23,47.1674263,7.4030914,summer_rest,false,true,,Central European breeding region,,observed,true,2023-02-23,2023-02-23,0
individual_4004_2022_2023,5,2022,4004,2023-02-24,268,2023-02-24 02:00:23,47.1674417,7.4031273,summer_rest,false,true,,Central European breeding region,,observed,true,2023-02-24,2023-02-24,0
individual_4004_2022_2023,5,2022,4004,2023-02-25,269,2023-02-25 02:00:23,47.1674396,7.4030944,summer_rest,false,true,,Central European breeding region,,observed,true,2023-02-25,2023-02-25,0
individual_4004_2022_2023,5,2022,4004,2023-02-26,270,2023-02-26 02:00:23,47.1674371,7.4030873,summer_rest,false,true,,Central European breeding region,,observed,true,2023-02-26,2023-02-26,0
individual_4004_2022_2023,5,2022,4004,2023-02-27,271,2023-02-27 02:00:23,47.1674127,7.4031116,summer_rest,false,true,,Central European breeding region,,observed,true,2023-02-27,2023-02-27,0
individual_4004_2022_2023,5,2022,4004,2023-02-28,272,2023-02-28 02:00:23,47.1674358,7.4031064,summer_rest,false,true,,Central European breeding region,,observed,true,2023-02-28,2023-02-28,0
individual_4004_2022_2023,5,2022,4004,2023-03-01,273,2023-03-01 02:00:23,47.1674357,7.403098,summer_rest,false,true,,Central European breeding region,,observed,true,2023-03-01,2023-03-01,0
individual_4004_2022_2023,5,2022,4004,2023-03-02,274,2023-03-02 02:00:23,47.1674508,7.403108,summer_rest,false,true,,Central European breeding region,,observed,true,2023-03-02,2023-03-02,0
individual_4004_2022_2023,5,2022,4004,2023-03-03,275,2023-03-03 02:00:23,47.1674354,7.40309,summer_rest,false,true,,Central European breeding region,,observed,true,2023-03-03,2023-03-03,0
individual_4004_2022_2023,5,2022,4004,2023-03-04,276,2023-03-04 02:00:23,47.16745,7.4031095,summer_rest,false,true,,Central European breeding region,,observed,true,2023-03-04,2023-03-04,0
individual_4004_2022_2023,5,2022,4004,2023-03-05,277,2023-03-05 02:00:23,47.1674513,7.4031087,summer_rest,false,true,,Central European breeding region,,observed,true,2023-03-05,2023-03-05,0
individual_4004_2022_2023,5,2022,4004,2023-03-06,278,2023-03-06 02:00:23,47.1674343,7.4030958,summer_rest,false,true,,Central European breeding region,,observed,true,2023-03-06,2023-03-06,0
individual_4004_2022_2023,5,2022,4004,2023-03-07,279,2023-03-07 02:00:23,47.1674589,7.4031213,summer_rest,false,true,,Central European breeding region,,observed,true,2023-03-07,2023-03-07,0
individual_4004_2022_2023,5,2022,4004,2023-03-08,280,2023-03-08 02:00:23,47.1674493,7.4031149,summer_rest,false,true,,Central European breeding region,,observed,true,2023-03-08,2023-03-08,0
individual_4004_2022_2023,5,2022,4004,2023-03-09,281,2023-03-09 02:00:23,47.1674409,7.4031479,summer_rest,false,true,,Central European breeding region,,observed,true,2023-03-09,2023-03-09,0
individual_4004_2022_2023,5,2022,4004,2023-03-10,282,2023-03-10 02:00:23,47.1674472,7.4031214,summer_rest,false,true,,Central European breeding region,,observed,true,2023-03-10,2023-03-10,0
individual_4004_2022_2023,5,2022,4004,2023-03-11,283,2023-03-11 02:00:23,47.1674148,7.4031477,summer_rest,false,true,,Central European breeding region,,observed,true,2023-03-11,2023-03-11,0
individual_4004_2022_2023,5,2022,4004,2023-03-12,284,2023-03-12 02:00:23,47.1674508,7.4031211,summer_rest,false,true,,Central European breeding region,,observed,true,2023-03-12,2023-03-12,0
individual_4004_2022_2023,5,2022,4004,2023-03-13,285,2023-03-13 02:00:23,47.167413,7.4031159,summer_rest,false,true,,Central European breeding region,,observed,true,2023-03-13,2023-03-13,0
individual_4004_2022_2023,5,2022,4004,2023-03-14,286,2023-03-14 02:00:23,47.1674398,7.4031431,summer_rest,false,true,,Central European breeding region,,observed,true,2023-03-14,2023-03-14,0
individual_4004_2022_2023,5,2022,4004,2023-03-15,287,2023-03-15 02:00:23,47.167466,7.4031137,summer_rest,false,true,,Central European breeding region,,observed,true,2023-03-15,2023-03-15,0
individual_4004_2022_2023,5,2022,4004,2023-03-16,288,2023-03-16 02:00:23,47.1674678,7.4031052,summer_rest,false,true,,Central European breeding region,,observed,true,2023-03-16,2023-03-16,0
individual_4004_2022_2023,5,2022,4004,2023-03-17,289,2023-03-17 02:00:23,47.1674565,7.4030924,summer_rest,false,true,,Central European breeding region,,observed,true,2023-03-17,2023-03-17,0
individual_4004_2022_2023,5,2022,4004,2023-03-18,290,2023-03-18 02:00:23,47.1674438,7.4030763,summer_rest,false,true,,Central European breeding region,,observed,true,2023-03-18,2023-03-18,0
individual_4004_2022_2023,5,2022,4004,2023-03-19,291,2023-03-19 02:00:23,47.1674108,7.4031057,summer_rest,false,true,,Central European breeding region,,observed,true,2023-03-19,2023-03-19,0
individual_4004_2022_2023,5,2022,4004,2023-03-20,292,2023-03-20 02:00:23,47.1674476,7.403122,summer_rest,false,true,,Central European breeding region,,observed,true,2023-03-20,2023-03-20,0
individual_4004_2022_2023,5,2022,4004,2023-03-21,293,2023-03-21 02:00:23,47.167418,7.403111,summer_rest,false,true,,Central European breeding region,,observed,true,2023-03-21,2023-03-21,0
individual_4004_2022_2023,5,2022,4004,2023-03-22,294,2023-03-22 02:00:23,47.1674398,7.4031193,summer_rest,false,true,,Central European breeding region,,observed,true,2023-03-22,2023-03-22,0
individual_4004_2022_2023,5,2022,4004,2023-03-23,295,2023-03-23 02:00:23,47.1674061,7.4031229,summer_rest,false,true,,Central European breeding region,,observed,true,2023-03-23,2023-03-23,0
individual_4004_2022_2023,5,2022,4004,2023-03-24,296,2023-03-24 02:00:23,47.1674383,7.403112,summer_rest,false,true,,Central European breeding region,,observed,true,2023-03-24,2023-03-24,0
individual_4004_2022_2023,5,2022,4004,2023-03-25,297,2023-03-25 02:00:23,47.1674236,7.4030913,summer_rest,false,true,,Central European breeding region,,observed,true,2023-03-25,2023-03-25,0
individual_4004_2022_2023,5,2022,4004,2023-03-26,298,2023-03-26 02:00:23,47.167406,7.4031045,summer_rest,false,true,,Central European breeding region,,observed,true,2023-03-26,2023-03-26,0
individual_4004_2022_2023,5,2022,4004,2023-03-27,299,2023-03-27 02:00:23,47.1674422,7.4030996,summer_rest,false,true,,Central European breeding region,,observed,true,2023-03-27,2023-03-27,0
individual_4004_2022_2023,5,2022,4004,2023-03-28,300,2023-03-28 02:00:23,47.1674343,7.4030824,summer_rest,false,true,,Central European breeding region,,observed,true,2023-03-28,2023-03-28,0
individual_4004_2022_2023,5,2022,4004,2023-03-29,301,2023-03-29 02:00:23,47.167474,7.4030846,summer_rest,false,true,,Central European breeding region,,observed,true,2023-03-29,2023-03-29,0
individual_4004_2022_2023,5,2022,4004,2023-03-30,302,2023-03-30 02:00:23,47.1674671,7.4031511,summer_rest,false,true,,Central European breeding region,,observed,true,2023-03-30,2023-03-30,0
individual_4004_2022_2023,5,2022,4004,2023-03-31,303,2023-03-31 02:00:23,47.1674308,7.403108,summer_rest,false,true,,Central European breeding region,,observed,true,2023-03-31,2023-03-31,0
individual_4004_2022_2023,5,2022,4004,2023-04-01,304,2023-04-01 02:00:23,47.1674485,7.4031265,summer_rest,false,true,,Central European breeding region,,observed,true,2023-04-01,2023-04-01,0
individual_4004_2022_2023,5,2022,4004,2023-04-02,305,2023-04-02 02:00:23,47.1674314,7.4031108,summer_rest,false,true,,Central European breeding region,,observed,true,2023-04-02,2023-04-02,0
individual_4004_2022_2023,5,2022,4004,2023-04-03,306,2023-04-03 02:00:23,47.1674407,7.4030743,summer_rest,false,true,,Central European breeding region,,observed,true,2023-04-03,2023-04-03,0
individual_4004_2022_2023,5,2022,4004,2023-04-04,307,2023-04-04 02:00:23,47.1674415,7.4030751,summer_rest,false,true,,Central European breeding region,,observed,true,2023-04-04,2023-04-04,0
individual_4004_2022_2023,5,2022,4004,2023-04-05,308,2023-04-05 02:00:23,47.1674402,7.4031105,summer_rest,false,true,,Central European breeding region,,observed,true,2023-04-05,2023-04-05,0
individual_4004_2022_2023,5,2022,4004,2023-04-06,309,2023-04-06 02:00:23,47.167449,7.4031159,summer_rest,false,true,,Central European breeding region,,observed,true,2023-04-06,2023-04-06,0
individual_4004_2022_2023,5,2022,4004,2023-04-07,310,2023-04-07 02:00:23,47.1674095,7.4031196,summer_rest,false,true,,Central European breeding region,,observed,true,2023-04-07,2023-04-07,0
individual_4004_2022_2023,5,2022,4004,2023-04-08,311,2023-04-08 02:00:23,47.1674186,7.4031382,summer_rest,false,true,,Central European breeding region,,observed,true,2023-04-08,2023-04-08,0
individual_4004_2022_2023,5,2022,4004,2023-04-09,312,2023-04-09 02:00:23,47.1674224,7.4030745,summer_rest,false,true,,Central European breeding region,,observed,true,2023-04-09,2023-04-09,0
individual_4004_2022_2023,5,2022,4004,2023-04-10,313,2023-04-10 02:00:23,47.1674224,7.4030748,summer_rest,false,true,,Central European breeding region,,observed,true,2023-04-10,2023-04-10,0
individual_4004_2022_2023,5,2022,4004,2023-04-11,314,2023-04-11 02:00:23,47.1674123,7.4030613,summer_rest,false,true,,Central European breeding region,,observed,true,2023-04-11,2023-04-11,0
individual_4004_2022_2023,5,2022,4004,2023-04-12,315,2023-04-12 02:00:23,47.1674064,7.4030753,summer_rest,false,true,,Central European breeding region,,observed,true,2023-04-12,2023-04-12,0
individual_4004_2022_2023,5,2022,4004,2023-04-13,316,2023-04-13 02:00:23,47.1674628,7.4030934,summer_rest,false,true,,Central European breeding region,,observed,true,2023-04-13,2023-04-13,0
individual_4004_2022_2023,5,2022,4004,2023-04-14,317,2023-04-14 02:00:23,47.1674343,7.4031043,summer_rest,false,true,,Central European breeding region,,observed,true,2023-04-14,2023-04-14,0
individual_4004_2022_2023,5,2022,4004,2023-04-15,318,2023-04-15 02:00:23,47.1674188,7.40313,summer_rest,false,true,,Central European breeding region,,observed,true,2023-04-15,2023-04-15,0
individual_4004_2022_2023,5,2022,4004,2023-04-16,319,2023-04-16 02:00:23,47.1674467,7.4030776,summer_rest,false,true,,Central European breeding region,,observed,true,2023-04-16,2023-04-16,0
individual_4004_2022_2023,5,2022,4004,2023-04-17,320,2023-04-17 02:00:23,47.1674627,7.4030981,summer_rest,false,true,,Central European breeding region,,observed,true,2023-04-17,2023-04-17,0
individual_4004_2022_2023,5,2022,4004,2023-04-18,321,2023-04-18 02:00:23,47.1674494,7.4030987,summer_rest,false,true,,Central European breeding region,,observed,true,2023-04-18,2023-04-18,0
individual_4004_2022_2023,5,2022,4004,2023-04-19,322,2023-04-19 02:00:23,47.1674536,7.4030952,summer_rest,false,true,,Central European breeding region,,observed,true,2023-04-19,2023-04-19,0
individual_4004_2022_2023,5,2022,4004,2023-04-20,323,2023-04-20 02:00:23,47.16744,7.403088,summer_rest,false,true,,Central European breeding region,,observed,true,2023-04-20,2023-04-20,0
individual_4004_2022_2023,5,2022,4004,2023-04-21,324,2023-04-21 02:00:23,47.1674129,7.4030696,summer_rest,false,true,,Central European breeding region,,observed,true,2023-04-21,2023-04-21,0
individual_4004_2022_2023,5,2022,4004,2023-04-22,325,2023-04-22 02:00:23,47.1674457,7.4030932,summer_rest,false,true,,Central European breeding region,,observed,true,2023-04-22,2023-04-22,0
individual_4004_2022_2023,5,2022,4004,2023-04-23,326,2023-04-23 02:00:23,47.1674334,7.4031169,summer_rest,false,true,,Central European breeding region,,observed,true,2023-04-23,2023-04-23,0
individual_4004_2022_2023,5,2022,4004,2023-04-24,327,2023-04-24 02:00:23,47.1674465,7.4030428,summer_rest,false,true,,Central European breeding region,,observed,true,2023-04-24,2023-04-24,0
individual_4004_2022_2023,5,2022,4004,2023-04-25,328,2023-04-25 02:00:23,47.1674374,7.4031059,summer_rest,false,true,,Central European breeding region,,observed,true,2023-04-25,2023-04-25,0
individual_4004_2022_2023,5,2022,4004,2023-04-26,329,2023-04-26 02:00:23,47.1674315,7.4031022,summer_rest,false,true,,Central European breeding region,,observed,true,2023-04-26,2023-04-26,0
individual_4004_2022_2023,5,2022,4004,2023-04-27,330,2023-04-27 02:00:23,47.1674649,7.4030625,summer_rest,false,true,,Central European breeding region,,observed,true,2023-04-27,2023-04-27,0
individual_4004_2022_2023,5,2022,4004,2023-04-28,331,2023-04-28 02:00:23,47.1674562,7.4030717,summer_rest,false,true,,Central European breeding region,,observed,true,2023-04-28,2023-04-28,0
individual_4004_2022_2023,5,2022,4004,2023-04-29,332,2023-04-29 02:00:23,47.1674394,7.4030769,summer_rest,false,true,,Central European breeding region,,observed,true,2023-04-29,2023-04-29,0
individual_4004_2022_2023,5,2022,4004,2023-04-30,333,2023-04-30 02:00:23,47.1674331,7.4030816,summer_rest,false,true,,Central European breeding region,,observed,true,2023-04-30,2023-04-30,0
individual_4004_2022_2023,5,2022,4004,2023-05-01,334,2023-05-01 02:00:23,47.1674525,7.4031174,summer_rest,false,true,,Central European breeding region,,observed,true,2023-05-01,2023-05-01,0
individual_4004_2022_2023,5,2022,4004,2023-05-02,335,2023-05-02 02:00:23,47.16746,7.403104,summer_rest,false,true,,Central European breeding region,,observed,true,2023-05-02,2023-05-02,0
individual_4004_2022_2023,5,2022,4004,2023-05-03,336,2023-05-03 02:00:23,47.167476,7.4030826,summer_rest,false,true,,Central European breeding region,,observed,true,2023-05-03,2023-05-03,0
individual_4004_2022_2023,5,2022,4004,2023-05-04,337,2023-05-04 02:00:23,47.1675253,7.4031055,summer_rest,false,true,,Central European breeding region,,observed,true,2023-05-04,2023-05-04,0
individual_4004_2022_2023,5,2022,4004,2023-05-05,338,2023-05-05 02:00:23,47.1674414,7.4030939,summer_rest,false,true,,Central European breeding region,,observed,true,2023-05-05,2023-05-05,0
individual_4004_2022_2023,5,2022,4004,2023-05-06,339,2023-05-06 02:00:23,47.1674448,7.4031014,summer_rest,false,true,,Central European breeding region,,observed,true,2023-05-06,2023-05-06,0
individual_4004_2022_2023,5,2022,4004,2023-05-07,340,2023-05-07 02:00:23,47.1673916,7.4031614,summer_rest,false,true,,Central European breeding region,,observed,true,2023-05-07,2023-05-07,0
individual_4004_2022_2023,5,2022,4004,2023-05-08,341,2023-05-08 02:00:23,47.1674429,7.4031076,summer_rest,false,true,,Central European breeding region,,observed,true,2023-05-08,2023-05-08,0
individual_4004_2022_2023,5,2022,4004,2023-05-09,342,2023-05-09 02:00:23,47.1674161,7.4031316,summer_rest,false,true,,Central European breeding region,,observed,true,2023-05-09,2023-05-09,0
individual_4004_2022_2023,5,2022,4004,2023-05-10,343,2023-05-10 02:00:23,47.1674361,7.4031099,summer_rest,false,true,,Central European breeding region,,observed,true,2023-05-10,2023-05-10,0
individual_4004_2022_2023,5,2022,4004,2023-05-11,344,2023-05-11 02:00:23,47.1674397,7.4031006,summer_rest,false,true,,Central European breeding region,,observed,true,2023-05-11,2023-05-11,0
individual_4004_2022_2023,5,2022,4004,2023-05-12,345,2023-05-12 02:00:23,47.1674411,7.4030818,summer_rest,false,true,,Central European breeding region,,observed,true,2023-05-12,2023-05-12,0
individual_4004_2022_2023,5,2022,4004,2023-05-13,346,2023-05-13 02:00:23,47.1674303,7.4030701,summer_rest,false,true,,Central European breeding region,,observed,true,2023-05-13,2023-05-13,0
individual_4004_2022_2023,5,2022,4004,2023-05-14,347,2023-05-14 02:00:23,47.1674348,7.4030945,summer_rest,false,true,,Central European breeding region,,observed,true,2023-05-14,2023-05-14,0
individual_4004_2022_2023,5,2022,4004,2023-05-15,348,2023-05-15 02:00:23,47.1674749,7.4030648,summer_rest,false,true,,Central European breeding region,,observed,true,2023-05-15,2023-05-15,0
individual_4004_2022_2023,5,2022,4004,2023-05-16,349,2023-05-16 02:00:23,47.1674272,7.4031059,summer_rest,false,true,,Central European breeding region,,observed,true,2023-05-16,2023-05-16,0
individual_4004_2022_2023,5,2022,4004,2023-05-17,350,2023-05-17 02:00:23,47.1674438,7.4030673,summer_rest,false,true,,Central European breeding region,,observed,true,2023-05-17,2023-05-17,0
individual_4004_2022_2023,5,2022,4004,2023-05-18,351,2023-05-18 02:00:23,47.1674419,7.4030733,summer_rest,false,true,,Central European breeding region,,observed,true,2023-05-18,2023-05-18,0
individual_4004_2022_2023,5,2022,4004,2023-05-19,352,2023-05-19 02:00:23,47.1674205,7.4031038,summer_rest,false,true,,Central European breeding region,,observed,true,2023-05-19,2023-05-19,0
individual_4004_2022_2023,5,2022,4004,2023-05-20,353,2023-05-20 02:00:23,47.1673968,7.4030193,summer_rest,false,true,,Central European breeding region,,observed,true,2023-05-20,2023-05-20,0
individual_4004_2022_2023,5,2022,4004,2023-05-21,354,2023-05-21 02:00:23,47.1674403,7.4030931,summer_rest,false,true,,Central European breeding region,,observed,true,2023-05-21,2023-05-21,0
individual_4004_2022_2023,5,2022,4004,2023-05-22,355,2023-05-22 02:00:23,47.1674259,7.4030822,summer_rest,false,true,,Central European breeding region,,observed,true,2023-05-22,2023-05-22,0
individual_4004_2022_2023,5,2022,4004,2023-05-23,356,2023-05-23 02:00:23,47.1674446,7.40308,summer_rest,false,true,,Central European breeding region,,observed,true,2023-05-23,2023-05-23,0
individual_4004_2022_2023,5,2022,4004,2023-05-24,357,2023-05-24 02:00:23,47.1674725,7.4031182,summer_rest,false,true,,Central European breeding region,,observed,true,2023-05-24,2023-05-24,0
individual_4004_2022_2023,5,2022,4004,2023-05-25,358,2023-05-25 02:00:23,47.1674405,7.4031313,summer_rest,false,true,,Central European breeding region,,observed,true,2023-05-25,2023-05-25,0
individual_4004_2022_2023,5,2022,4004,2023-05-26,359,2023-05-26 02:00:23,47.1674583,7.4030921,summer_rest,false,true,,Central European breeding region,,observed,true,2023-05-26,2023-05-26,0
individual_4004_2022_2023,5,2022,4004,2023-05-27,360,2023-05-27 02:00:23,47.167465,7.403099,summer_rest,false,true,,Central European breeding region,,observed,true,2023-05-27,2023-05-27,0
individual_4004_2022_2023,5,2022,4004,2023-05-28,361,2023-05-28 02:00:23,47.1674221,7.4031044,summer_rest,false,true,,Central European breeding region,,observed,true,2023-05-28,2023-05-28,0
individual_4004_2022_2023,5,2022,4004,2023-05-29,362,2023-05-29 02:00:23,47.167449,7.4030702,summer_rest,false,true,,Central European breeding region,,observed,true,2023-05-29,2023-05-29,0
individual_4004_2022_2023,5,2022,4004,2023-05-30,363,2023-05-30 02:00:23,47.1674649,7.4031032,summer_rest,false,true,,Central European breeding region,,observed,true,2023-05-30,2023-05-30,0
individual_4004_2022_2023,5,2022,4004,2023-05-31,364,2023-05-31 02:00:23,47.1674304,7.4030853,summer_rest,false,true,,Central European breeding region,,observed,true,2023-05-31,2023-05-31,0
